nombre,codigo,precio,costo,stock,stock_minimo,categoria_id,proveedor
ACEITE FINO,1,50.00,35.00,100,10,LAXANTE,ABC Proveedores
ACETAMINAFEN PARA nino  80mg (RAMOS),2,50.00,35.00,200,10,ANTIPIRETICO,ABC Proveedores
ACETAMINOFEN 500MG TB PHARMA,3,50.00,35.00,300,10,ANTIPIRETICO,ABC Proveedores
ACETAMINOFEN JRB 120 MG/5 ML BIOPHARMA,4,50.00,35.00,400,10,ANTIPIRETICO,ABC Proveedores
ACETOMINAFEN GOTAS (RAMOS),5,50.00,35.00,500,10,ANTIPIRETICO,ABC Proveedores
ACETOMINAFEN JRB 120MG/5ML  Lab. LPSA,6,50.00,35.00,600,10,ANTIPIRETICO,ABC Proveedores
ACETOMINAFEN TAB 500 MG (RAMOS),7,50.00,35.00,700,10,ANTIPIRETICO,ABC Proveedores
ACETOMINOFEN BAYER TB 500 MG,8,50.00,35.00,800,10,ANTIPIRETICO,ABC Proveedores
ACETOMINOFEN JRB 120MG/5ml  Lab. RAMOS,9,50.00,35.00,900,10,ANTIPIRETICO,ABC Proveedores
ACETONA PEQUEÃ‘A,10,50.00,35.00,1000,10,COSMETICOS,ABC Proveedores
ACICLOVIR ALFA TAB 400 MG,11,50.00,35.00,1100,10,ANTIVIRAL,ABC Proveedores
ACICLOVIR CREMA 5% (SOLKA),12,50.00,35.00,1200,10,ANTIVIRAL,ABC Proveedores
ACIDO MEFENAMICO TAB 500 MG,13,50.00,35.00,1300,10,ANALGESICO,ABC Proveedores
ACIDO PRE-LAC (ACIDO FOLICO 5 mg) Lab Ramos,14,50.00,35.00,1400,10,VITAMINA,ABC Proveedores
ACTIMICINA BRONQUIAL F,15,50.00,35.00,1500,10,ANTIGRIPAL,ABC Proveedores
ACTIMICINA GRIPE Y TOS,16,50.00,35.00,1600,10,ANTIGRIPAL,ABC Proveedores
AFREX OXIMETAZOLINA 05%,17,50.00,35.00,1700,10,RINITIS,ABC Proveedores
AGUA BIDISTILADA (INYECTABLE),18,50.00,35.00,1800,10,ENFERMERIA,ABC Proveedores
AGUA OXIGENADA 4 OZ,19,50.00,35.00,1900,10,ENFERMERIA,ABC Proveedores
AGUJA REPUESTO 23g,20,50.00,35.00,2000,10,ENFERMERIA,ABC Proveedores
ALBENDAZOL TAB 200MG MASTICABLE,21,50.00,35.00,2100,10,ANTIPARASITARIO,ABC Proveedores
ALCANFOR TB,22,50.00,35.00,2200,10,ANTIPIRETICO,ABC Proveedores
ALCOHOL ETILICO 70% DERMACOL (250ML),23,50.00,35.00,2300,10,ENFERMERIA,ABC Proveedores
ALCOHOL ETILICO 70% DERMACOL (60ML),24,50.00,35.00,2400,10,ENFERMERIA,ABC Proveedores
ALCOHOL LITRO,25,50.00,35.00,2500,10,ENFERMERIA,ABC Proveedores
ALEVE TAB,26,50.00,35.00,2600,10,ANALGESICO,ABC Proveedores
ALGODON BOLSA 25g Lab. JALOMA,27,50.00,35.00,2700,10,ENFERMERIA,ABC Proveedores
ALGODON PLISADO 5g (MENUDIADO) JALOMA,28,50.00,35.00,2800,10,ENFERMERIA,ABC Proveedores
ALICOL D CELESTE 120  ML,29,50.00,35.00,2900,10,ANTIGRIPAL,ABC Proveedores
ALICOL ROJO JRB,30,50.00,35.00,3000,10,ANTIGRIPAL,ABC Proveedores
ALKA AD (BAYER),31,50.00,35.00,3100,10,ANTIDIARREICO,ABC Proveedores
ALKA GASTRIC,32,50.00,35.00,3200,10,ANTIACIDO,ABC Proveedores
ALKA SELZER,33,50.00,35.00,3300,10,ANTIACIDO,ABC Proveedores
ALOPURINOL TAB 300mg (SELECTPHARMA),34,50.00,35.00,3400,10,ANTIREUMATICO,ABC Proveedores
ALPRAZOLAM TAB 0.5mg,35,50.00,35.00,3500,10,ANSIOLITICO,ABC Proveedores
ALTA MUJER (Prueba de embarazo) CASETS,36,50.00,35.00,3600,10,PRUEBA DE EMBARAZO,ABC Proveedores
ALTA STRESS BEBIBLE,37,50.00,35.00,3700,10,VITAMINA,ABC Proveedores
ALTA STRESS TAB,38,50.00,35.00,3800,10,VITAMINA,ABC Proveedores
ALUMIN JRB SIMPLE 115 ml,39,50.00,35.00,3900,10,ANTIACIDO,ABC Proveedores
ALUMIN PLUS TAB (SOLKA),40,50.00,35.00,4000,10,ANTIACIDO,ABC Proveedores
ALUMIN  TAB (SOLKA),41,50.00,35.00,4100,10,ANTIACIDO,ABC Proveedores
AMBROXOL CLEMBUTERAL 7.5 MG / 5 ML (RAMOS),42,50.00,35.00,4200,10,EXPECTORANTE,ABC Proveedores
AMBROXOL CLEMBUTERAL 15 MG / 5 ML (RAMOS),43,50.00,35.00,4300,10,ANTIGRIPAL,ABC Proveedores
AMBROXOL JRB (RAMOS),44,50.00,35.00,4400,10,ANTIGRIPAL,ABC Proveedores
AMBROXOL NORDIC JRB,45,50.00,35.00,4500,10,ANTIGRIPAL,ABC Proveedores
AMIGADOCAINA TAB,46,50.00,35.00,4600,10,ANTIBACTERIAL,ABC Proveedores
AMOXICILINA POLVO PARA SUSPENSION ORAL 250 MG/5ML (ALFA),47,50.00,35.00,4700,10,ANTIBIOTICO,ABC Proveedores
AMOXICILINA POLVO PARA SUSPENSION ORAL 250 MG/5ML (LA SANTE),48,50.00,35.00,4800,10,ANTIBIOTICO,ABC Proveedores
AMOXICILINA/ACIDO CLAVULANICO 625 CAP THEON,49,50.00,35.00,4900,10,ANTIBIOTICO,ABC Proveedores
AMOXICILINA ACIDO CLAVULANICO 875MG+125MG THEON,50,50.00,35.00,5000,10,ANTIBIOTICO,ABC Proveedores
AMOXICILINA CP 500mg,51,50.00,35.00,5100,10,ANTIBIOTICO,ABC Proveedores
AMOXICILINA JBE FLAMINGO,52,50.00,35.00,5200,10,ANTIBIOTICO,ABC Proveedores
AMOXICILINA MK CAP,53,50.00,35.00,5300,10,ANTIBIOTICO,ABC Proveedores
AMOXICILINA MK JRB,54,50.00,35.00,5400,10,ANTIBIOTICO,ABC Proveedores
AMOXICILINA Y CLAVULANICO POTASICO JRB CAPLIN,55,50.00,35.00,5500,10,ANTIBIOTICO,ABC Proveedores
AMPICILINA CAP,56,50.00,35.00,5600,10,ANTIBIOTICO,ABC Proveedores
ANARA TAB,57,50.00,35.00,5700,10,LAXANTE,ABC Proveedores
ANDREWS CLASICA,58,50.00,35.00,5800,10,ANTIACIDO,ABC Proveedores
ANDREWS NARANJA,59,50.00,35.00,5900,10,ANTIACIDO,ABC Proveedores
APOSITO 3x4 INSU+MED,60,50.00,35.00,6000,10,ENFERMERIA,ABC Proveedores
APOSITO 5x9 INSU+MED,61,50.00,35.00,6100,10,ENFERMERIA,ABC Proveedores
APOSITO 6x6 INSU+MED,62,50.00,35.00,6200,10,ENFERMERIA,ABC Proveedores
ARTRIBION FUERTE 120g Lab. BIOKEMICAL UMGUENTO,63,50.00,35.00,6300,10,ANTIREUMATICO,ABC Proveedores
ARTRIBION FUERTE 60g Lab. BIOKEMICAL UNGÃœENTO,64,50.00,35.00,6400,10,ANTIREUMATICO,ABC Proveedores
ARTRIBION VITAMINADO CAP  Lab. BIOKEMICAL,65,50.00,35.00,6500,10,ANTIREUMATICO,ABC Proveedores
ASMASAN TAB,66,50.00,35.00,6600,10,ANTIHISTAMINICO,ABC Proveedores
ASPIRINA FORTE CD (BAYER),67,50.00,35.00,6700,10,ANTIPIRETICO,ABC Proveedores
ASPIRINA NIÃ‘O,68,50.00,35.00,6800,10,ANTIPIRETICO,ABC Proveedores
ASTROTON H4 TAB,69,50.00,35.00,6900,10,VITAMINA,ABC Proveedores
ATENOLOL 100 ml TAB CAPLIN,70,50.00,35.00,7000,10,HIPERTENSION,ABC Proveedores
ATENOLOL 50 mg TAB,71,50.00,35.00,7100,10,HIPERTENSION,ABC Proveedores
AVA - 28  BLISTER,72,50.00,35.00,7200,10,HIPERTENSION,ABC Proveedores
AVAMIGRAM,73,50.00,35.00,7300,10,MIGRAÃ‘AS,ABC Proveedores
AZIRAN  AZITROMICINA 15ML RAMOS JRB,74,50.00,35.00,7400,10,ANTIBIOTICO,ABC Proveedores
AZITROMICINA TAB 500 MG (LA SANTE),75,50.00,35.00,7500,10,ANTIBIOTICO,ABC Proveedores
AZITROMICINA JRB BENGOECHEA 30 ML,76,50.00,35.00,7600,10,ANTIBIOTICO,ABC Proveedores
AZITROMICINA JRB BENGOECHEA 15 ML,77,50.00,35.00,7700,10,ANTIBIOTICO,ABC Proveedores
AZUL DE MITILENO 2 ONZA,78,50.00,35.00,7800,10,ANTISEPTICOS,ABC Proveedores
BECLOMETASONA INHALADOR,79,50.00,35.00,7900,10,ANTIHISTAMINICO,ABC Proveedores
BEKYLAN ADULTO JRB (RAMOS),80,50.00,35.00,8000,10,ANTIHISTAMINICO,ABC Proveedores
BEKYLAN PEDIATRICO  F JRB,81,50.00,35.00,8100,10,ANTIHISTAMINICO,ABC Proveedores
BENCILPENICILINA BENZATINICA 1 200 000 IM Lab. BAGO,82,50.00,35.00,8200,10,ANTIHISTAMINICO,ABC Proveedores
BENZOATO DE BENCILO 25% SOCION,83,50.00,35.00,8300,10,ANTIHISTAMINICO,ABC Proveedores
BETAMETASONA 20g CREMA,84,50.00,35.00,8400,10,ANTIHISTAMINICO,ABC Proveedores
BICARBONATO SODICO POLVO 100MG,85,50.00,35.00,8500,10,ANTIHISTAMINICO,ABC Proveedores
BILOHESS TAB EXTRACTO DE GINKGO BILOBA,86,50.00,35.00,8600,10,ANTIHISTAMINICO,ABC Proveedores
BIOPRIM FORTE TAB (SOLKA),87,50.00,35.00,8700,10,ANTIHISTAMINICO,ABC Proveedores
BIOPRIM TAB. (SOLKA),88,50.00,35.00,8800,10,ANTIHISTAMINICO,ABC Proveedores
BOLSA PARA BASEADO DE ORINA Lab. MUNDI MEDICAL,89,50.00,35.00,8900,10,ANTIHISTAMINICO,ABC Proveedores
BONATRIM JRB SUSPENSION ORAL,90,50.00,35.00,9000,10,ANTIHISTAMINICO,ABC Proveedores
BRANULA #18,91,50.00,35.00,9100,10,ANTIHISTAMINICO,ABC Proveedores
BRANULA #20,92,50.00,35.00,9200,10,ANTIHISTAMINICO,ABC Proveedores
BRANULA #24,93,50.00,35.00,9300,10,ANTIHISTAMINICO,ABC Proveedores
BRANULA N 22,94,50.00,35.00,9400,10,ANTIHISTAMINICO,ABC Proveedores
BROMEXINA JRB IFC,95,50.00,35.00,9500,10,ANTIHISTAMINICO,ABC Proveedores
BROMURO DE IPATROPIO20ml (SOLUCION PARA NEBULIZAR 0.025%) Lab. RAMOS,96,50.00,35.00,9600,10,ANTIHISTAMINICO,ABC Proveedores
BROMURO DE OTILONIO TB.,97,50.00,35.00,9700,10,ANTIHISTAMINICO,ABC Proveedores
BRONCODIL GOTA,98,50.00,35.00,9800,10,ANTIHISTAMINICO,ABC Proveedores
BRONCODIL JRB,99,50.00,35.00,9900,10,ANTIHISTAMINICO,ABC Proveedores
BUSCAPINA I.M,100,50.00,35.00,10000,10,ANTIHISTAMINICO,ABC Proveedores
CALADERMINAN 120ML SUSPENCION TOPICA,101,50.00,35.00,10100,10,ANTIHISTAMINICO,ABC Proveedores
calcio 600mg vardhman,102,50.00,35.00,10200,10,ANTIHISTAMINICO,ABC Proveedores
CALCIO TAB 600mg Lab.UNIMARK,103,50.00,35.00,10300,10,ANTIHISTAMINICO,ABC Proveedores
CALCIO TAB 600mg Lab.VARDHAN,104,50.00,35.00,10400,10,ANTIHISTAMINICO,ABC Proveedores
CALCIO-VITAMINADO  D TAB,105,50.00,35.00,10500,10,ANTIHISTAMINICO,ABC Proveedores
CALLOSIN  LOSION 10ML,106,50.00,35.00,10600,10,ANTIHISTAMINICO,ABC Proveedores
CANCERINA,107,50.00,35.00,10700,10,ANTIHISTAMINICO,ABC Proveedores
CANESTEN CREMA,108,50.00,35.00,10800,10,ANTIHISTAMINICO,ABC Proveedores
CANESTEN V OVULOS VAGINALES,109,50.00,35.00,10900,10,ANTIHISTAMINICO,ABC Proveedores
CANISON VAGINAL TB. 100mg Lab. LOS PAISAS,110,50.00,35.00,11000,10,ANTIHISTAMINICO,ABC Proveedores
CAPLEX TAB,111,50.00,35.00,11100,10,ANTIHISTAMINICO,ABC Proveedores
CAPRORIL 25 MG  FLAMINGO TB,112,50.00,35.00,11200,10,ANTIHISTAMINICO,ABC Proveedores
captopril 25mg flamingo,113,50.00,35.00,11300,10,ANTIHISTAMINICO,ABC Proveedores
CAPTOPRIL 25mg TAB Lab. Genirefar,114,50.00,35.00,11400,10,ANTIHISTAMINICO,ABC Proveedores
CAPTOPRIL 50mg generifar,115,50.00,35.00,11500,10,ANTIHISTAMINICO,ABC Proveedores
CAPTOPRIL 50mg TAB. GENERIFAR,116,50.00,35.00,11600,10,ANTIHISTAMINICO,ABC Proveedores
CAPTOPRIL GENERIFAR 25mg,117,50.00,35.00,11700,10,ANTIHISTAMINICO,ABC Proveedores
CAPTOPRIL MK 25mg TAB.,118,50.00,35.00,11800,10,ANTIHISTAMINICO,ABC Proveedores
CARBAMAZEPINA 200mg,119,50.00,35.00,11900,10,ANTIHISTAMINICO,ABC Proveedores
CARBIDILOL TAB.  25 mg,120,50.00,35.00,12000,10,ANTIHISTAMINICO,ABC Proveedores
CARBIDILOL TAB.  6.25 mg,121,50.00,35.00,12100,10,ANTIHISTAMINICO,ABC Proveedores
CARBONAL TAB.,122,50.00,35.00,12200,10,ANTIHISTAMINICO,ABC Proveedores
CARDIO ASPIRINA TB. 81mg,123,50.00,35.00,12300,10,ANTIHISTAMINICO,ABC Proveedores
CARDIO VITAL CAP.,124,50.00,35.00,12400,10,ANTIHISTAMINICO,ABC Proveedores
CARMINOL TB,125,50.00,35.00,12500,10,ANTIHISTAMINICO,ABC Proveedores
CARVEDILOL 25MG,126,50.00,35.00,12600,10,ANTIHISTAMINICO,ABC Proveedores
CARVEDILOL 6.25mg TAB.,127,50.00,35.00,12700,10,ANTIHISTAMINICO,ABC Proveedores
CEBION CALCIO FRASCO 10 TAB. EFERVECENTE SABOR NARANJA,128,50.00,35.00,12800,10,ANTIHISTAMINICO,ABC Proveedores
CEBION MINIS 100mg,129,50.00,35.00,12900,10,ANTIHISTAMINICO,ABC Proveedores
CEBION SABOR FRESA GOTA 30ml,130,50.00,35.00,13000,10,ANTIHISTAMINICO,ABC Proveedores
CEFADROXILO 250MG/5ML JRB,131,50.00,35.00,13100,10,ANTIHISTAMINICO,ABC Proveedores
CEFADROXILO TAB.,132,50.00,35.00,13200,10,ANTIHISTAMINICO,ABC Proveedores
CEFALEXINA 500mg TAB.,133,50.00,35.00,13300,10,ANTIHISTAMINICO,ABC Proveedores
CEFEXIMA 40mg CAP. FAMINGO,134,50.00,35.00,13400,10,ANTIHISTAMINICO,ABC Proveedores
cefixima 4000mg paisa,135,50.00,35.00,13500,10,ANTIHISTAMINICO,ABC Proveedores
CEFIXIMA 400MG FLAMINGO,136,50.00,35.00,13600,10,ANTIHISTAMINICO,ABC Proveedores
CEFIXIMA 400mg Lab. UNIPHARM CP,137,50.00,35.00,13700,10,ANTIHISTAMINICO,ABC Proveedores
CEFRADOXILO JRB GENERIFAR,138,50.00,35.00,13800,10,ANTIHISTAMINICO,ABC Proveedores
CEFTLIDO (CEFTRIAXONA+LIDOCAINA) Lab. UNIMARK,139,50.00,35.00,13900,10,ANTIHISTAMINICO,ABC Proveedores
CEFTRIAXONA IM/IV Lab. PHARMA,140,50.00,35.00,14000,10,ANTIHISTAMINICO,ABC Proveedores
CEGUELITO CREMA 120g,141,50.00,35.00,14100,10,ANTIHISTAMINICO,ABC Proveedores
CEPTRIAXONA IM CAPLIN,142,50.00,35.00,14200,10,ANTIHISTAMINICO,ABC Proveedores
CEREBRO VIT CAP.,143,50.00,35.00,14300,10,ANTIHISTAMINICO,ABC Proveedores
CEREBROFOS BEBIBLE,144,50.00,35.00,14400,10,ANTIHISTAMINICO,ABC Proveedores
CEREBROFOS CAP,145,50.00,35.00,14500,10,ANTIHISTAMINICO,ABC Proveedores
CETERIZINA 10MG CALOX,146,50.00,35.00,14600,10,ANTIHISTAMINICO,ABC Proveedores
CETERIZINA JRB GENERIFAR,147,50.00,35.00,14700,10,ANTIHISTAMINICO,ABC Proveedores
CETIRIZINA 10mg Lab. CALOX,148,50.00,35.00,14800,10,ANTIHISTAMINICO,ABC Proveedores
CETRIAXAONE  1g IM/I.V  Lab. REYOUNG SIN LIDOCAINA,149,50.00,35.00,14900,10,ANTIHISTAMINICO,ABC Proveedores
CETRILER TAB,150,50.00,35.00,15000,10,ANTIHISTAMINICO,ABC Proveedores
CETZA C10 CETERIZINA,151,50.00,35.00,15100,10,ANTIHISTAMINICO,ABC Proveedores
CEVILAT KIT SOBRE (PARMA),152,50.00,35.00,15200,10,ANTIHISTAMINICO,ABC Proveedores
CEVILLAT KIDS 2g,153,50.00,35.00,15300,10,ANTIHISTAMINICO,ABC Proveedores
CHIP TYGO,154,50.00,35.00,15400,10,ANTIHISTAMINICO,ABC Proveedores
CIPROFIBRATO TAB,155,50.00,35.00,15500,10,ANTIHISTAMINICO,ABC Proveedores
CIPROFLOXACINA TAB 500mg Lab. CAPLIN,156,50.00,35.00,15600,10,ANTIHISTAMINICO,ABC Proveedores
CIPROFLOXACINA TB PAISA,157,50.00,35.00,15700,10,ANTIHISTAMINICO,ABC Proveedores
CIPROPTHAL 0.3% GOTA CIPROFLOXACINA 5ml Lab. PANSYMA,158,50.00,35.00,15800,10,ANTIHISTAMINICO,ABC Proveedores
CIRUELAX FORTE TAB,159,50.00,35.00,15900,10,ANTIHISTAMINICO,ABC Proveedores
CIRUELAX GARDEN HOUSE 300g (JALEA LAXANTE),160,50.00,35.00,16000,10,ANTIHISTAMINICO,ABC Proveedores
CIRUELAX TAB,161,50.00,35.00,16100,10,ANTIHISTAMINICO,ABC Proveedores
CLARIBAC Lab. LANCASCO JRB,162,50.00,35.00,16200,10,ANTIHISTAMINICO,ABC Proveedores
CLARITOMICINA JRB GENERIFAR,163,50.00,35.00,16300,10,ANTIHISTAMINICO,ABC Proveedores
CLARITROMICINA   500 MG TB,164,50.00,35.00,16400,10,ANTIHISTAMINICO,ABC Proveedores
CLINDAMICINA CP SANTE,165,50.00,35.00,16500,10,ANTIHISTAMINICO,ABC Proveedores
CLINDAMICINA Lab. Ramos,166,50.00,35.00,16600,10,ANTIHISTAMINICO,ABC Proveedores
CLOHIDRATO DE TRAMADOL 100mg/2ml I.M Lab. CAPLIN,167,50.00,35.00,16700,10,ANTIHISTAMINICO,ABC Proveedores
CLONAZEPAM 2mg,168,50.00,35.00,16800,10,ANTIHISTAMINICO,ABC Proveedores
CLOPIDOGREL 75MG CAPLIN TB,169,50.00,35.00,16900,10,ANTIHISTAMINICO,ABC Proveedores
CLOPIDROGREL 75mg TAB THEON,170,50.00,35.00,17000,10,ANTIHISTAMINICO,ABC Proveedores
CLORAFENICOL GOTA Labg. ALFA,171,50.00,35.00,17100,10,ANTIHISTAMINICO,ABC Proveedores
cloranfenicol cap 500mg pharma,172,50.00,35.00,17200,10,ANTIHISTAMINICO,ABC Proveedores
CLORTRIMAZOL OVULO 100mg Lab. RAMOS,173,50.00,35.00,17300,10,ANTIHISTAMINICO,ABC Proveedores
CLORURO DE POTASIO,174,50.00,35.00,17400,10,ANTIHISTAMINICO,ABC Proveedores
CLORURO DE SODIO 0.1% 1000ml SOLUSION INYECTABLE PARA INFUSION INTRAVENOSA,175,50.00,35.00,17500,10,ANTIHISTAMINICO,ABC Proveedores
CLORURO POTASIO  iv im,176,50.00,35.00,17600,10,ANTIHISTAMINICO,ABC Proveedores
CLOTRIMAZOL 1% (CREMA VAGINAL) Lab. RAMOS,177,50.00,35.00,17700,10,ANTIHISTAMINICO,ABC Proveedores
CLOTRIMAZOL 1% CREMA IFC,178,50.00,35.00,17800,10,ANTIHISTAMINICO,ABC Proveedores
clotrimazol 100mg,179,50.00,35.00,17900,10,ANTIHISTAMINICO,ABC Proveedores
CLOTRIMAZOL CREMA LOS PAISA 2%,180,50.00,35.00,18000,10,ANTIHISTAMINICO,ABC Proveedores
CLOTRIMAZOL CREMA TOPICA THEON,181,50.00,35.00,18100,10,ANTIHISTAMINICO,ABC Proveedores
CLOTRIMAZOL OVULO 500mg Lab. RAMOS,182,50.00,35.00,18200,10,ANTIHISTAMINICO,ABC Proveedores
CLOTRIMAZOL VAGINAL  SELECTPHARMA,183,50.00,35.00,18300,10,ANTIHISTAMINICO,ABC Proveedores
CLOTRIPLEX  LATA,184,50.00,35.00,18400,10,ANTIHISTAMINICO,ABC Proveedores
CLOTRIPLEX TUBO,185,50.00,35.00,18500,10,ANTIHISTAMINICO,ABC Proveedores
CLOVITAL 1% CLOTRIMAZOL CREMA,186,50.00,35.00,18600,10,ANTIHISTAMINICO,ABC Proveedores
COFAL FUERTE 120g Lab.ASPEN,187,50.00,35.00,18700,10,ANTIHISTAMINICO,ABC Proveedores
COFAL FUERTE 60g Lab.ASPEN,188,50.00,35.00,18800,10,ANTIHISTAMINICO,ABC Proveedores
COFAL ORIGINAL AZUL 60g Lab. ASPEN,189,50.00,35.00,18900,10,ANTIHISTAMINICO,ABC Proveedores
COLGATE 100ML,190,50.00,35.00,19000,10,ANTIHISTAMINICO,ABC Proveedores
COLGATE 50ML  PQ,191,50.00,35.00,19100,10,ANTIHISTAMINICO,ABC Proveedores
COLIPAX TAB.,192,50.00,35.00,19200,10,ANTIHISTAMINICO,ABC Proveedores
COLPOBEN (CLINDAMICINA 100mg-ketocomazol tableta vaginal) Lab. CEDETSA,193,50.00,35.00,19300,10,ANTIHISTAMINICO,ABC Proveedores
COMPLEJO B  LAB PARBUS S,A,194,50.00,35.00,19400,10,ANTIHISTAMINICO,ABC Proveedores
COMPLEJO B 12 I.M Lab. Paisima,195,50.00,35.00,19500,10,ANTIHISTAMINICO,ABC Proveedores
COMPLEJO B TAB.,196,50.00,35.00,19600,10,ANTIHISTAMINICO,ABC Proveedores
complejo B12  2ml,197,50.00,35.00,19700,10,ANTIHISTAMINICO,ABC Proveedores
CONDON PRESERVATIVO DE GOMA NUBAMED,198,50.00,35.00,19800,10,ANTIHISTAMINICO,ABC Proveedores
CONDONES  INDIVIDUALES,199,50.00,35.00,19900,10,ANTIHISTAMINICO,ABC Proveedores
CONDONES VIVE MIX SABOR CHOCOLATE,200,50.00,35.00,20000,10,ANTIHISTAMINICO,ABC Proveedores
CONDONES VIVE MIX SABOR FRESA,201,50.00,35.00,20100,10,ANTIHISTAMINICO,ABC Proveedores
CONDONES VIVE MIX SABOR UVA,202,50.00,35.00,20200,10,ANTIHISTAMINICO,ABC Proveedores
CONDONES VIVE ORIGINAL,203,50.00,35.00,20300,10,ANTIHISTAMINICO,ABC Proveedores
CONDONES VIVE RETARDANTE,204,50.00,35.00,20400,10,ANTIHISTAMINICO,ABC Proveedores
COPIDROGREL TAB. CAPLIN,205,50.00,35.00,20500,10,ANTIHISTAMINICO,ABC Proveedores
COXONE 25gm DEKETOPROFENO,206,50.00,35.00,20600,10,ANTIHISTAMINICO,ABC Proveedores
CREMA DE PENICILINA,207,50.00,35.00,20700,10,ANTIHISTAMINICO,ABC Proveedores
CREMA VAGINAL 20g 3 dias CANESTEN,208,50.00,35.00,20800,10,ANTIHISTAMINICO,ABC Proveedores
CREMOQUIMONA (HIDROQUINONA 4%) 30g,209,50.00,35.00,20900,10,ANTIHISTAMINICO,ABC Proveedores
CROTIMAZOL VAGINAL AL 2%,210,50.00,35.00,21000,10,ANTIHISTAMINICO,ABC Proveedores
CURE BAND COLOR PIEL,211,50.00,35.00,21100,10,ANTIHISTAMINICO,ABC Proveedores
CYCLONOR I.M,212,50.00,35.00,21200,10,ANTIHISTAMINICO,ABC Proveedores
CYSTONE (HIMALAYA),213,50.00,35.00,21300,10,ANTIHISTAMINICO,ABC Proveedores
DAFLON TAB 500mg,214,50.00,35.00,21400,10,ANTIHISTAMINICO,ABC Proveedores
DECATILENO  TAB,215,50.00,35.00,21500,10,ANTIHISTAMINICO,ABC Proveedores
DEFLAXACOR TAB CALOX,216,50.00,35.00,21600,10,ANTIHISTAMINICO,ABC Proveedores
DELOR ANTIGRIPAL,217,50.00,35.00,21700,10,ANTIHISTAMINICO,ABC Proveedores
DELOR EXTRAFUERTE,218,50.00,35.00,21800,10,ANTIHISTAMINICO,ABC Proveedores
DELOR FLEX,219,50.00,35.00,21900,10,ANTIHISTAMINICO,ABC Proveedores
DELOR NINO TB,220,50.00,35.00,22000,10,ANTIHISTAMINICO,ABC Proveedores
DELOX NIÃ‘O,221,50.00,35.00,22100,10,ANTIHISTAMINICO,ABC Proveedores
DEMACOL 70% 60ml SPRAY,222,50.00,35.00,22200,10,ANTIHISTAMINICO,ABC Proveedores
DEPRESOR DE LENGUA NO ESTERIL,223,50.00,35.00,22300,10,ANTIHISTAMINICO,ABC Proveedores
DERMACOBER BABY,224,50.00,35.00,22400,10,ANTIHISTAMINICO,ABC Proveedores
DERMACOVER GEL 70 ML,225,50.00,35.00,22500,10,ANTIHISTAMINICO,ABC Proveedores
DERMATRIUM CREMA 15MG,226,50.00,35.00,22600,10,ANTIHISTAMINICO,ABC Proveedores
DESLORATADINA (CAMPUS) JRB,227,50.00,35.00,22700,10,ANTIHISTAMINICO,ABC Proveedores
DESLORATADINA CAPLIN,228,50.00,35.00,22800,10,ANTIHISTAMINICO,ABC Proveedores
DEXA- DOCEPLEX I.M,229,50.00,35.00,22900,10,ANTIHISTAMINICO,ABC Proveedores
DEXA NEUROBION I.M,230,50.00,35.00,23000,10,ANTIHISTAMINICO,ABC Proveedores
DEXA VITALGIA IM,231,50.00,35.00,23100,10,ANTIHISTAMINICO,ABC Proveedores
dexacor 0,5mg,232,50.00,35.00,23200,10,ANTIHISTAMINICO,ABC Proveedores
DEXACORT-PLUS OVULO Lab. SOLKA,233,50.00,35.00,23300,10,ANTIHISTAMINICO,ABC Proveedores
DEXAMETASONA 8 MG / 2 ML  IM/IV,234,50.00,35.00,23400,10,ANTIHISTAMINICO,ABC Proveedores
DEXAMETASONA INACTIVO,235,50.00,35.00,23500,10,ANTIHISTAMINICO,ABC Proveedores
DEXAMETAXONA CREMA,236,50.00,35.00,23600,10,ANTIHISTAMINICO,ABC Proveedores
DEXAMETOAXONA TAB,237,50.00,35.00,23700,10,ANTIHISTAMINICO,ABC Proveedores
DEXA-NERVISEL I.M,238,50.00,35.00,23800,10,ANTIHISTAMINICO,ABC Proveedores
DEXIN PLUS JRB,239,50.00,35.00,23900,10,ANTIHISTAMINICO,ABC Proveedores
DEXIN PLUS TAB,240,50.00,35.00,24000,10,ANTIHISTAMINICO,ABC Proveedores
DEXKETOPROFENO TAB 25mg Lab. RAMOS,241,50.00,35.00,24100,10,ANTIHISTAMINICO,ABC Proveedores
DEXONA TB DEXAMETASONA 05 MG,242,50.00,35.00,24200,10,ANTIHISTAMINICO,ABC Proveedores
DEXTROMETORFANO JRB SELECTPHARM,243,50.00,35.00,24300,10,ANTIHISTAMINICO,ABC Proveedores
DEXTROSA 5% SOLUCION PARA INFUSION INTRAVENOSA,244,50.00,35.00,24400,10,ANTIHISTAMINICO,ABC Proveedores
DEXTROVITA SUERO VITAMINADO 1 000ml Lab. BONIN,245,50.00,35.00,24500,10,ANTIHISTAMINICO,ABC Proveedores
DIABETEX CREMA CORPORAL 400ml,246,50.00,35.00,24600,10,ANTIHISTAMINICO,ABC Proveedores
DIABION CP,247,50.00,35.00,24700,10,ANTIHISTAMINICO,ABC Proveedores
DIAREXIN SUSPENSION ORAL JRB,248,50.00,35.00,24800,10,ANTIHISTAMINICO,ABC Proveedores
DIARROL,249,50.00,35.00,24900,10,ANTIHISTAMINICO,ABC Proveedores
DIAZEPAM 10mg (SC),250,50.00,35.00,25000,10,ANTIHISTAMINICO,ABC Proveedores
DIAZOR-3 ADULTO Lab. ARSAL,251,50.00,35.00,25100,10,ANTIHISTAMINICO,ABC Proveedores
DIAZOR-3 NIÃ‘O  Lab. ARSAL,252,50.00,35.00,25200,10,ANTIHISTAMINICO,ABC Proveedores
DICCIONARIO DE SININIMOS ANTONIMOS,253,50.00,35.00,25300,10,ANTIHISTAMINICO,ABC Proveedores
DICCIONRIO BASICO ESCOLAR,254,50.00,35.00,25400,10,ANTIHISTAMINICO,ABC Proveedores
DICLOFENAC  I.M,255,50.00,35.00,25500,10,ANTIHISTAMINICO,ABC Proveedores
DICLOFENAC GEL IFC 1%,256,50.00,35.00,25600,10,ANTIHISTAMINICO,ABC Proveedores
DICLOFENAC Lab. BENGOECHEA,257,50.00,35.00,25700,10,ANTIHISTAMINICO,ABC Proveedores
DICLOFENAC Lab. GENERIFAR 100mg,258,50.00,35.00,25800,10,ANTIHISTAMINICO,ABC Proveedores
DICLORARPE FORTE 100mg Lab. RAMOS,259,50.00,35.00,25900,10,ANTIHISTAMINICO,ABC Proveedores
DICLORARPE I.M,260,50.00,35.00,26000,10,ANTIHISTAMINICO,ABC Proveedores
DICLORARPE TAB 50mg,261,50.00,35.00,26100,10,ANTIHISTAMINICO,ABC Proveedores
DICLOXACILINA 500mg,262,50.00,35.00,26200,10,ANTIHISTAMINICO,ABC Proveedores
DICLOXACILINA SUSPENSION 125/5ml JRB,263,50.00,35.00,26300,10,ANTIHISTAMINICO,ABC Proveedores
DICYNONES,264,50.00,35.00,26400,10,ANTIHISTAMINICO,ABC Proveedores
DIFENHIDRAMINA I.M,265,50.00,35.00,26500,10,ANTIHISTAMINICO,ABC Proveedores
DIFENHIDRAMINA IV /IM BENGOECHEA,266,50.00,35.00,26600,10,ANTIHISTAMINICO,ABC Proveedores
DIFENHIDRAMINA JRB IFC,267,50.00,35.00,26700,10,ANTIHISTAMINICO,ABC Proveedores
DIFENHIDRAMINA RAMOS JABE,268,50.00,35.00,26800,10,ANTIHISTAMINICO,ABC Proveedores
DIFENHIDRAMINA TAB,269,50.00,35.00,26900,10,ANTIHISTAMINICO,ABC Proveedores
difenhidramina tab 25mg generifar,270,50.00,35.00,27000,10,ANTIHISTAMINICO,ABC Proveedores
DIfuminadores  individuales,271,50.00,35.00,27100,10,ANTIHISTAMINICO,ABC Proveedores
DIGLET 1000 U.I TAB (CALCIO VITAMINADO),272,50.00,35.00,27200,10,ANTIHISTAMINICO,ABC Proveedores
DIJES DE CRUZ,273,50.00,35.00,27300,10,ANTIHISTAMINICO,ABC Proveedores
DILOXAMETRON SABOR A MENTAM 100ml Lab. PANZYMA,274,50.00,35.00,27400,10,ANTIHISTAMINICO,ABC Proveedores
DIMENHIDRINATO TAB CAPLIN,275,50.00,35.00,27500,10,ANTIHISTAMINICO,ABC Proveedores
DINITRATO DE ISOSORBIDA,276,50.00,35.00,27600,10,ANTIHISTAMINICO,ABC Proveedores
DIOSMIL CAP,277,50.00,35.00,27700,10,ANTIHISTAMINICO,ABC Proveedores
DIOSMINA CAP HESPERIDINA 450mg/50mg,278,50.00,35.00,27800,10,ANTIHISTAMINICO,ABC Proveedores
DIPIRONA I.M,279,50.00,35.00,27900,10,ANTIHISTAMINICO,ABC Proveedores
DIPIRONA JRB,280,50.00,35.00,28000,10,ANTIHISTAMINICO,ABC Proveedores
DIPIRONA TAB,281,50.00,35.00,28100,10,ANTIHISTAMINICO,ABC Proveedores
DIPRONOVA 2ml I.M,282,50.00,35.00,28200,10,ANTIHISTAMINICO,ABC Proveedores
DIXI 35,283,50.00,35.00,28300,10,ANTIHISTAMINICO,ABC Proveedores
DOLARTRIN 1g TAB,284,50.00,35.00,28400,10,ANTIHISTAMINICO,ABC Proveedores
DOLARTRIN JRB 12Oml,285,50.00,35.00,28500,10,ANTIHISTAMINICO,ABC Proveedores
DOLGENAL 10mg TAB,286,50.00,35.00,28600,10,ANTIHISTAMINICO,ABC Proveedores
DOLGENAL 20mg TAB,287,50.00,35.00,28700,10,ANTIHISTAMINICO,ABC Proveedores
DOLO ALTA STRES TAB,288,50.00,35.00,28800,10,ANTIHISTAMINICO,ABC Proveedores
DOLO- DOCEPLEX I.M,289,50.00,35.00,28900,10,ANTIHISTAMINICO,ABC Proveedores
DOLO NERVISEL tab,290,50.00,35.00,29000,10,ANTIHISTAMINICO,ABC Proveedores
DOLO- NEUROBION,291,50.00,35.00,29100,10,ANTIHISTAMINICO,ABC Proveedores
DOLO NEUROBION IM,292,50.00,35.00,29200,10,ANTIHISTAMINICO,ABC Proveedores
DOLO NEUROBION TAB,293,50.00,35.00,29300,10,ANTIHISTAMINICO,ABC Proveedores
DOLO NEUROBION XR,294,50.00,35.00,29400,10,ANTIHISTAMINICO,ABC Proveedores
DOLO VITALGIA TAB,295,50.00,35.00,29500,10,ANTIHISTAMINICO,ABC Proveedores
DOLOFIN ANTIGRIPAL,296,50.00,35.00,29600,10,ANTIHISTAMINICO,ABC Proveedores
DOLOFIN KARNEL tb,297,50.00,35.00,29700,10,ANTIHISTAMINICO,ABC Proveedores
DOLOFIN NIÃ‘O TAB,298,50.00,35.00,29800,10,ANTIHISTAMINICO,ABC Proveedores
DOLO-NEORINE,299,50.00,35.00,29900,10,ANTIHISTAMINICO,ABC Proveedores
DOLO-NERVISEL I.M,300,50.00,35.00,30000,10,ANTIHISTAMINICO,ABC Proveedores
DOLO-NEUROBION XR TB. COIDE S.A.,301,50.00,35.00,30100,10,ANTIHISTAMINICO,ABC Proveedores
DOLOVITALGIA I.M,302,50.00,35.00,30200,10,ANTIHISTAMINICO,ABC Proveedores
DORIBAL TAB,303,50.00,35.00,30300,10,ANTIHISTAMINICO,ABC Proveedores
DORIVAL LOQUIGELS 200ml,304,50.00,35.00,30400,10,ANTIHISTAMINICO,ABC Proveedores
DOXICICLINA CAP,305,50.00,35.00,30500,10,ANTIHISTAMINICO,ABC Proveedores
DOXION CAP,306,50.00,35.00,30600,10,ANTIHISTAMINICO,ABC Proveedores
doxisol 100mg  lab solka,307,50.00,35.00,30700,10,ANTIHISTAMINICO,ABC Proveedores
DOXISOL 100mg CAP DOXICICLINA,308,50.00,35.00,30800,10,ANTIHISTAMINICO,ABC Proveedores
DRAMAVOL I.M,309,50.00,35.00,30900,10,ANTIHISTAMINICO,ABC Proveedores
DRENAL (NATUTURAL HERBAL),310,50.00,35.00,31000,10,ANTIHISTAMINICO,ABC Proveedores
DROPS SABOR LIMON (VICK TAB),311,50.00,35.00,31100,10,ANTIHISTAMINICO,ABC Proveedores
DROPS SABOR MENTOL (VICK TAB),312,50.00,35.00,31200,10,ANTIHISTAMINICO,ABC Proveedores
DUROFIL BEBIBLE (SILDENAFIL CITRATO 100mg Lab. CAPLIN,313,50.00,35.00,31300,10,ANTIHISTAMINICO,ABC Proveedores
ELECTROLIC 625ml,314,50.00,35.00,31400,10,ANTIHISTAMINICO,ABC Proveedores
electrolitos apo limon,315,50.00,35.00,31500,10,ANTIHISTAMINICO,ABC Proveedores
ELECTROLITOS APOS SABOR MANZANA,316,50.00,35.00,31600,10,ANTIHISTAMINICO,ABC Proveedores
ELECTROLITOS APOS SABOR PIÃ‘A,317,50.00,35.00,31700,10,ANTIHISTAMINICO,ABC Proveedores
ELECTROLITOS APOS SIN SABOR,318,50.00,35.00,31800,10,ANTIHISTAMINICO,ABC Proveedores
ELECTRORAL SUERO CHERRY PUNCH  475ml,319,50.00,35.00,31900,10,ANTIHISTAMINICO,ABC Proveedores
ELECTRORAL SUERO MANZANA 475ml,320,50.00,35.00,32000,10,ANTIHISTAMINICO,ABC Proveedores
ELIXIR BRONQUIAL TITAN JRB 120ml Lab. HERBAL,321,50.00,35.00,32100,10,ANTIHISTAMINICO,ABC Proveedores
ELIXIR BRONQUIAL TITAN JRB 240ml Lab. HERBAL,322,50.00,35.00,32200,10,ANTIHISTAMINICO,ABC Proveedores
EMULAGAR  TAB,323,50.00,35.00,32300,10,ANTIHISTAMINICO,ABC Proveedores
EMULSION 200 ml,324,50.00,35.00,32400,10,ANTIHISTAMINICO,ABC Proveedores
EMULSION 450 ml,325,50.00,35.00,32500,10,ANTIHISTAMINICO,ABC Proveedores
ENALAPRIL 10mg,326,50.00,35.00,32600,10,ANTIHISTAMINICO,ABC Proveedores
ENALAPRIL 20mg,327,50.00,35.00,32700,10,ANTIHISTAMINICO,ABC Proveedores
ENANTYUM 12.5mg/gel,328,50.00,35.00,32800,10,ANTIHISTAMINICO,ABC Proveedores
ENANTYUM 25mg TAB,329,50.00,35.00,32900,10,ANTIHISTAMINICO,ABC Proveedores
ENANTYUM 50mg/2ml IM,330,50.00,35.00,33000,10,ANTIHISTAMINICO,ABC Proveedores
ENANTYUM BEBIBLE,331,50.00,35.00,33100,10,ANTIHISTAMINICO,ABC Proveedores
ENEMA GLICERINA 150mg/ml,332,50.00,35.00,33200,10,ANTIHISTAMINICO,ABC Proveedores
ENJUAGUE BUCAL COLGATE PLAX60ML,333,50.00,35.00,33300,10,ANTIHISTAMINICO,ABC Proveedores
ENTERO AMEBAK,334,50.00,35.00,33400,10,ANTIHISTAMINICO,ABC Proveedores
ENTEROGERMINA PLUS AMPOLLA BEBIBLE,335,50.00,35.00,33500,10,ANTIHISTAMINICO,ABC Proveedores
ENTEROGUANIL ADULTO,336,50.00,35.00,33600,10,ANTIHISTAMINICO,ABC Proveedores
ENTEROGUANIL TAB NIÃ‘O,337,50.00,35.00,33700,10,ANTIHISTAMINICO,ABC Proveedores
ENZITROL  TAB,338,50.00,35.00,33800,10,ANTIHISTAMINICO,ABC Proveedores
ERICICLINA 200MG/5ML   / AZITROMICINA JRB,339,50.00,35.00,33900,10,ANTIHISTAMINICO,ABC Proveedores
ERITROMICINA 250mg/5 JRB,340,50.00,35.00,34000,10,ANTIHISTAMINICO,ABC Proveedores
ERITROMICINA TABLETA LAB RAMOS,341,50.00,35.00,34100,10,ANTIHISTAMINICO,ABC Proveedores
ESOMEGASTRIX,342,50.00,35.00,34200,10,ANTIHISTAMINICO,ABC Proveedores
ESOMEPRAZOL CAP,343,50.00,35.00,34300,10,ANTIHISTAMINICO,ABC Proveedores
ESPASMO DIGESTOMEN CAP,344,50.00,35.00,34400,10,ANTIHISTAMINICO,ABC Proveedores
ESPASMO DOLOFOR TAB,345,50.00,35.00,34500,10,ANTIHISTAMINICO,ABC Proveedores
ESPASMOCINA COMPUESTA,346,50.00,35.00,34600,10,ANTIHISTAMINICO,ABC Proveedores
ESPASMOFIN,347,50.00,35.00,34700,10,ANTIHISTAMINICO,ABC Proveedores
ESPATAL HEPATICO Lab. RODIM,348,50.00,35.00,34800,10,ANTIHISTAMINICO,ABC Proveedores
ESPAVEN ENZIMATICO TB,349,50.00,35.00,34900,10,ANTIHISTAMINICO,ABC Proveedores
ESPAVEN GOTAS,350,50.00,35.00,35000,10,ANTIHISTAMINICO,ABC Proveedores
ETEC 1000mg CAP. Lab. ASOFARMA,351,50.00,35.00,35100,10,ANTIHISTAMINICO,ABC Proveedores
EUROTIROX 50 TAB,352,50.00,35.00,35200,10,ANTIHISTAMINICO,ABC Proveedores
EUTYROX 50,353,50.00,35.00,35300,10,ANTIHISTAMINICO,ABC Proveedores
EXEPAN GOTAS,354,50.00,35.00,35400,10,ANTIHISTAMINICO,ABC Proveedores
EXEPAN JRB,355,50.00,35.00,35500,10,ANTIHISTAMINICO,ABC Proveedores
EXTRACTO DE MALTA CON HEMOGLOBINA 250ml,356,50.00,35.00,35600,10,ANTIHISTAMINICO,ABC Proveedores
FACTOR P4 500mg TAB,357,50.00,35.00,35700,10,ANTIHISTAMINICO,ABC Proveedores
FACTOR P4 GEL,358,50.00,35.00,35800,10,ANTIHISTAMINICO,ABC Proveedores
FALEXIN (CEFEXIME PEDIATRICO),359,50.00,35.00,35900,10,ANTIHISTAMINICO,ABC Proveedores
FEBBLR FIXED MAKELP 40ML CNERRY,360,50.00,35.00,36000,10,ANTIHISTAMINICO,ABC Proveedores
FELEXIN CEFIXIMA 100MG/5ML JRB,361,50.00,35.00,36100,10,ANTIHISTAMINICO,ABC Proveedores
FELIZITA 50MG SERTRALINA LABORATORIO SOLKA ,S,A,362,50.00,35.00,36200,10,ANTIHISTAMINICO,ABC Proveedores
FENALER JRB,363,50.00,35.00,36300,10,ANTIHISTAMINICO,ABC Proveedores
FENAZOPIRIDINA  TAB,364,50.00,35.00,36400,10,ANTIHISTAMINICO,ABC Proveedores
FENODOL MAX (IBOPROFEN),365,50.00,35.00,36500,10,ANTIHISTAMINICO,ABC Proveedores
FE-Q 800 ANTIANEMICO Lab. MedPharma,366,50.00,35.00,36600,10,ANTIHISTAMINICO,ABC Proveedores
FERRA MAX BEBIBLE,367,50.00,35.00,36700,10,ANTIHISTAMINICO,ABC Proveedores
FIBRAL FIBRA FORMA 220g,368,50.00,35.00,36800,10,ANTIHISTAMINICO,ABC Proveedores
FIBRAL FIBRA FORMA LIGHT 220g,369,50.00,35.00,36900,10,ANTIHISTAMINICO,ABC Proveedores
FIBRAL FIBRA SUPER TUMBA GRASA 220g,370,50.00,35.00,37000,10,ANTIHISTAMINICO,ABC Proveedores
FIBRAL HIGADO 0% GRASO,371,50.00,35.00,37100,10,ANTIHISTAMINICO,ABC Proveedores
FIBRAL MORINGA FIBRA 220g,372,50.00,35.00,37200,10,ANTIHISTAMINICO,ABC Proveedores
FIBRAL SUPER LIMPIA COLON 220g,373,50.00,35.00,37300,10,ANTIHISTAMINICO,ABC Proveedores
FLAMIDOL 120ml PEDIATRICO,374,50.00,35.00,37400,10,ANTIHISTAMINICO,ABC Proveedores
FLAMIDOL CAPSULAS,375,50.00,35.00,37500,10,ANTIHISTAMINICO,ABC Proveedores
FLEET ENEMA 133ml ADULTO,376,50.00,35.00,37600,10,ANTIHISTAMINICO,ABC Proveedores
FLORENTEROL SOBRE,377,50.00,35.00,37700,10,ANTIHISTAMINICO,ABC Proveedores
FLORES ROJAS,378,50.00,35.00,37800,10,ANTIHISTAMINICO,ABC Proveedores
FLOXANOVA  500mg,379,50.00,35.00,37900,10,ANTIHISTAMINICO,ABC Proveedores
FLUCONAZOL CP 150mg  Lab. LPSA,380,50.00,35.00,38000,10,ANTIHISTAMINICO,ABC Proveedores
FLUCONAZOL Lab. CALOX 150mg,381,50.00,35.00,38100,10,ANTIHISTAMINICO,ABC Proveedores
FLUCONAZOL TB 200ml Lab. CALOX,382,50.00,35.00,38200,10,ANTIHISTAMINICO,ABC Proveedores
FLUCONAZOL TB 200ml Lab. CAPLIN,383,50.00,35.00,38300,10,ANTIHISTAMINICO,ABC Proveedores
FLUFIN ALERGIAS,384,50.00,35.00,38400,10,ANTIHISTAMINICO,ABC Proveedores
FLUFLIN ANTIGRIPAL,385,50.00,35.00,38500,10,ANTIHISTAMINICO,ABC Proveedores
FORTI PLEX GOLD 10ml  Lab.VIJOSA,386,50.00,35.00,38600,10,ANTIHISTAMINICO,ABC Proveedores
FUNGIL GOTA,387,50.00,35.00,38700,10,ANTIHISTAMINICO,ABC Proveedores
FUNGIL SPRAY,388,50.00,35.00,38800,10,ANTIHISTAMINICO,ABC Proveedores
FUNGIL TALCO 120ML,389,50.00,35.00,38900,10,ANTIHISTAMINICO,ABC Proveedores
FUNGIL TALCO 60G,390,50.00,35.00,39000,10,ANTIHISTAMINICO,ABC Proveedores
FURAZOLIDONA SUSPENSION ORAL 50mg/5ml Lab. RAMOS,391,50.00,35.00,39100,10,ANTIHISTAMINICO,ABC Proveedores
FUROSEMIDA 40mg TAB,392,50.00,35.00,39200,10,ANTIHISTAMINICO,ABC Proveedores
FUROSEMIDA I.M,393,50.00,35.00,39300,10,ANTIHISTAMINICO,ABC Proveedores
GABAPENTINA 300 TAB INIMARK,394,50.00,35.00,39400,10,ANTIHISTAMINICO,ABC Proveedores
gabapentina 300mg usp,395,50.00,35.00,39500,10,ANTIHISTAMINICO,ABC Proveedores
gabapentina 400mg,396,50.00,35.00,39600,10,ANTIHISTAMINICO,ABC Proveedores
GABAPENTINA CAPLIM CAP,397,50.00,35.00,39700,10,ANTIHISTAMINICO,ABC Proveedores
GABEPENTINA 400mg CAPLIN,398,50.00,35.00,39800,10,ANTIHISTAMINICO,ABC Proveedores
GABEX PLUS TAB,399,50.00,35.00,39900,10,ANTIHISTAMINICO,ABC Proveedores
GAMA TOS JRB,400,50.00,35.00,40000,10,ANTIHISTAMINICO,ABC Proveedores
GAMMA MINERAL SUPLEMENTO DICTECTIC,401,50.00,35.00,40100,10,ANTIHISTAMINICO,ABC Proveedores
GAMMACORT JRB,402,50.00,35.00,40200,10,ANTIHISTAMINICO,ABC Proveedores
GAMNA ZINC JRB,403,50.00,35.00,40300,10,ANTIHISTAMINICO,ABC Proveedores
gasa 6*10 ydas insu+med,404,50.00,35.00,40400,10,ANTIHISTAMINICO,ABC Proveedores
GASTROFLUX 10mg  TAB,405,50.00,35.00,40500,10,ANTIHISTAMINICO,ABC Proveedores
GEL DE LINEADORE USHA,406,50.00,35.00,40600,10,ANTIHISTAMINICO,ABC Proveedores
GEMFIBROZILO 600mg Lab. LA SANTE,407,50.00,35.00,40700,10,ANTIHISTAMINICO,ABC Proveedores
GENCLOBEN CREMA,408,50.00,35.00,40800,10,ANTIHISTAMINICO,ABC Proveedores
GENTAMICINA IM,409,50.00,35.00,40900,10,ANTIHISTAMINICO,ABC Proveedores
GERBER MANZANA 100g,410,50.00,35.00,41000,10,ANTIHISTAMINICO,ABC Proveedores
GESIMAX (NAPROXENOSOL 550mg),411,50.00,35.00,41100,10,ANTIHISTAMINICO,ABC Proveedores
GINKGO BILOBA CAP NATURAL,412,50.00,35.00,41200,10,ANTIHISTAMINICO,ABC Proveedores
ginkgo biloba sin azucar,413,50.00,35.00,41300,10,ANTIHISTAMINICO,ABC Proveedores
GLIBENCLAMIDA 5mg Lab. GENERIFAR,414,50.00,35.00,41400,10,ANTIHISTAMINICO,ABC Proveedores
GLICERINA ADULTO SUPOSITORIO 20g,415,50.00,35.00,41500,10,ANTIHISTAMINICO,ABC Proveedores
GLICERINA FENICADA 5% GOTA 20ml,416,50.00,35.00,41600,10,ANTIHISTAMINICO,ABC Proveedores
GOMITAS OSITO PARA NIÃ‘O MULTIVITAMINAS 180G,417,50.00,35.00,41700,10,ANTIHISTAMINICO,ABC Proveedores
GRIM FLEX,418,50.00,35.00,41800,10,ANTIHISTAMINICO,ABC Proveedores
GRIPE Y TOS JRB 120ml Lab. HERBAL,419,50.00,35.00,41900,10,ANTIHISTAMINICO,ABC Proveedores
GRIPE Y TOS JRB 240ml Lab. HERBAL,420,50.00,35.00,42000,10,ANTIHISTAMINICO,ABC Proveedores
GUANTE QUIRURGICOS INSU+MED (8),421,50.00,35.00,42100,10,ANTIHISTAMINICO,ABC Proveedores
GUANTES INDIVIDUALES NIPRO (L),422,50.00,35.00,42200,10,ANTIHISTAMINICO,ABC Proveedores
GUANTES QUIRURGICOS  8 INSU + MED,423,50.00,35.00,42300,10,ANTIHISTAMINICO,ABC Proveedores
GUANTES QUIRURGICOS 7.5 INSU+MED,424,50.00,35.00,42400,10,ANTIHISTAMINICO,ABC Proveedores
GUAYATOS JRB 120ml La. SELECTPHARMA,425,50.00,35.00,42500,10,ANTIHISTAMINICO,ABC Proveedores
GUIAS DE SUERO INSU+MED,426,50.00,35.00,42600,10,ANTIHISTAMINICO,ABC Proveedores
GUMAZEPAN 2mg,427,50.00,35.00,42700,10,ANTIHISTAMINICO,ABC Proveedores
GYNKGO BILOBD SIN AZUCAR,428,50.00,35.00,42800,10,ANTIHISTAMINICO,ABC Proveedores
HEDERA HELIX JRB,429,50.00,35.00,42900,10,ANTIHISTAMINICO,ABC Proveedores
HEDRALIX JRB,430,50.00,35.00,43000,10,ANTIHISTAMINICO,ABC Proveedores
HELI-2 sobre x2,431,50.00,35.00,43100,10,ANTIHISTAMINICO,ABC Proveedores
HELI-2 SUSPENSION ORAL Lab. DIGUESA,432,50.00,35.00,43200,10,ANTIHISTAMINICO,ABC Proveedores
HEPA FORTE (DEPURADOR DEL HIGADO),433,50.00,35.00,43300,10,ANTIHISTAMINICO,ABC Proveedores
HEPACEGUEL TAB,434,50.00,35.00,43400,10,ANTIHISTAMINICO,ABC Proveedores
HEPATRON TAB,435,50.00,35.00,43500,10,ANTIHISTAMINICO,ABC Proveedores
HIDROCLOROTIAZIDA 25mg Lab. GENERIFAR,436,50.00,35.00,43600,10,ANTIHISTAMINICO,ABC Proveedores
HIDROCLOROTIAZIDA TAB 50mg,437,50.00,35.00,43700,10,ANTIHISTAMINICO,ABC Proveedores
HIDROCORTISONA GAL 1% LABORATORIO LOPEZ,438,50.00,35.00,43800,10,ANTIHISTAMINICO,ABC Proveedores
HIDROCORTISONA SELECTPARMA CREMA,439,50.00,35.00,43900,10,ANTIHISTAMINICO,ABC Proveedores
HIDROCORTIZONA 1% CREMA,440,50.00,35.00,44000,10,ANTIHISTAMINICO,ABC Proveedores
HIGADO DE BACALAO,441,50.00,35.00,44100,10,ANTIHISTAMINICO,ABC Proveedores
HIGADOSANIL TAB,442,50.00,35.00,44200,10,ANTIHISTAMINICO,ABC Proveedores
HISOPO 100 PIESAS GRANDE,443,50.00,35.00,44300,10,ANTIHISTAMINICO,ABC Proveedores
HISOPO 80 PIESAS,444,50.00,35.00,44400,10,ANTIHISTAMINICO,ABC Proveedores
histaclor 4mg solka,445,50.00,35.00,44500,10,ANTIHISTAMINICO,ABC Proveedores
HISTACLOR JRB,446,50.00,35.00,44600,10,ANTIHISTAMINICO,ABC Proveedores
HONGO LIN,447,50.00,35.00,44700,10,ANTIHISTAMINICO,ABC Proveedores
HUEGUITOS XG,448,50.00,35.00,44800,10,ANTIHISTAMINICO,ABC Proveedores
IBERSARTAN 150 SANTE,449,50.00,35.00,44900,10,ANTIHISTAMINICO,ABC Proveedores
IBERSARTAN 150mg TAB,450,50.00,35.00,45000,10,ANTIHISTAMINICO,ABC Proveedores
IBERSARTAN 300mg Lab. CAPLIN,451,50.00,35.00,45100,10,ANTIHISTAMINICO,ABC Proveedores
IBERSARTAN 300mg Lab. Puninarque,452,50.00,35.00,45200,10,ANTIHISTAMINICO,ABC Proveedores
IBUPROFENO 400 TAB,453,50.00,35.00,45300,10,ANTIHISTAMINICO,ABC Proveedores
IBUPROFENO 600 TAB,454,50.00,35.00,45400,10,ANTIHISTAMINICO,ABC Proveedores
IBUPROFENO 800 TAB,455,50.00,35.00,45500,10,ANTIHISTAMINICO,ABC Proveedores
ibuprofeno 800mg caplin,456,50.00,35.00,45600,10,ANTIHISTAMINICO,ABC Proveedores
IBUPROFENO JRB IFC,457,50.00,35.00,45700,10,ANTIHISTAMINICO,ABC Proveedores
IBUPROFENO MK,458,50.00,35.00,45800,10,ANTIHISTAMINICO,ABC Proveedores
ibuwin 400mg caplin,459,50.00,35.00,45900,10,ANTIHISTAMINICO,ABC Proveedores
IBUWIN 600 GEL,460,50.00,35.00,46000,10,ANTIHISTAMINICO,ABC Proveedores
IBUWIN FORTE 800 gel CAP,461,50.00,35.00,46100,10,ANTIHISTAMINICO,ABC Proveedores
ILANA  TAB,462,50.00,35.00,46200,10,ANTIHISTAMINICO,ABC Proveedores
IMMUVIT TAB,463,50.00,35.00,46300,10,ANTIHISTAMINICO,ABC Proveedores
INTRAFER F-800 Lab. UNIPHARM,464,50.00,35.00,46400,10,ANTIHISTAMINICO,ABC Proveedores
INTRAFER HIERRO  AMINOQUELADO Y ACIDO FOLICO,465,50.00,35.00,46500,10,ANTIHISTAMINICO,ABC Proveedores
INTRAFER JRB TF 500,466,50.00,35.00,46600,10,ANTIHISTAMINICO,ABC Proveedores
INTRAFER TAB,467,50.00,35.00,46700,10,ANTIHISTAMINICO,ABC Proveedores
IONAK JRB,468,50.00,35.00,46800,10,ANTIHISTAMINICO,ABC Proveedores
IRBERSARTAN 150mg Lab. LA SANTE,469,50.00,35.00,46900,10,ANTIHISTAMINICO,ABC Proveedores
IRBERSARTAN 150mg TAB CAPLIN,470,50.00,35.00,47000,10,ANTIHISTAMINICO,ABC Proveedores
IRBERSARTAN 300 TAB,471,50.00,35.00,47100,10,ANTIHISTAMINICO,ABC Proveedores
irbesartan 300mg caplin,472,50.00,35.00,47200,10,ANTIHISTAMINICO,ABC Proveedores
irbesartan 300mg penyao,473,50.00,35.00,47300,10,ANTIHISTAMINICO,ABC Proveedores
irbesartan 300mg sante,474,50.00,35.00,47400,10,ANTIHISTAMINICO,ABC Proveedores
IRILINA GOTA,475,50.00,35.00,47500,10,ANTIHISTAMINICO,ABC Proveedores
IRS GOTA,476,50.00,35.00,47600,10,ANTIHISTAMINICO,ABC Proveedores
IRS JRB,477,50.00,35.00,47700,10,ANTIHISTAMINICO,ABC Proveedores
IRS TB,478,50.00,35.00,47800,10,ANTIHISTAMINICO,ABC Proveedores
IVERMECTINA 6mg  TAB,479,50.00,35.00,47900,10,ANTIHISTAMINICO,ABC Proveedores
JERINGA 50ml sin AGUJA ALLPRO MEDICAL,480,50.00,35.00,48000,10,ANTIHISTAMINICO,ABC Proveedores
JERINGA 5CC,481,50.00,35.00,48100,10,ANTIHISTAMINICO,ABC Proveedores
jeringa de insulina ultra fina wellpro,482,50.00,35.00,48200,10,ANTIHISTAMINICO,ABC Proveedores
JERINGA DESCARTABLE 10ml Lab. DIAGNOS,483,50.00,35.00,48300,10,ANTIHISTAMINICO,ABC Proveedores
JERINGA DESCARTABLE 3ml   21gx1/1 Lab. DIAGNOS,484,50.00,35.00,48400,10,ANTIHISTAMINICO,ABC Proveedores
JERINGA DESCARTABLE 3ml PEDIATRICA Lab. LPSA,485,50.00,35.00,48500,10,ANTIHISTAMINICO,ABC Proveedores
JERINGA DESCARTABLE 5ml Lab. DIAGNOS,486,50.00,35.00,48600,10,ANTIHISTAMINICO,ABC Proveedores
JERINGA INSULINA 1ml 30G 1/2 Lab. NIPRO,487,50.00,35.00,48700,10,ANTIHISTAMINICO,ABC Proveedores
JERNGA  DE INSULINA 1ml 31Gx5/16  INSU+MED,488,50.00,35.00,48800,10,ANTIHISTAMINICO,ABC Proveedores
KALIZZER 360ML SUSPENCION ORAL,489,50.00,35.00,48900,10,ANTIHISTAMINICO,ABC Proveedores
KELAC (I.V/I.M=) KETOROLACO 30mg/ml,490,50.00,35.00,49000,10,ANTIHISTAMINICO,ABC Proveedores
KETOCONAZOL 2 % CREMA LAB RAMOS,491,50.00,35.00,49100,10,ANTIHISTAMINICO,ABC Proveedores
KETOCONAZOL 2% CREMA,492,50.00,35.00,49200,10,ANTIHISTAMINICO,ABC Proveedores
KETOGIL ,KETOCONAZOL 2% SHAMPOO 60ML,493,50.00,35.00,49300,10,ANTIHISTAMINICO,ABC Proveedores
KETOGIN 2% SHAMPOO 60ml Ketoconazol,494,50.00,35.00,49400,10,ANTIHISTAMINICO,ABC Proveedores
KETOROKLAC I.M 60mg/ 2ml Lab. LPSA,495,50.00,35.00,49500,10,ANTIHISTAMINICO,ABC Proveedores
KETOROLAC (I.V/I.M) 30mg Lab. RAMOS,496,50.00,35.00,49600,10,ANTIHISTAMINICO,ABC Proveedores
KETOROLAC 10mg TAB,497,50.00,35.00,49700,10,ANTIHISTAMINICO,ABC Proveedores
KETOSOL 400mg OVULO,498,50.00,35.00,49800,10,ANTIHISTAMINICO,ABC Proveedores
KETOTIFENO JRB GENERIFAR SABOR BANANO,499,50.00,35.00,49900,10,ANTIHISTAMINICO,ABC Proveedores
KETOTIFENO JRB IFC,500,50.00,35.00,50000,10,ANTIHISTAMINICO,ABC Proveedores
KETUTIFENO JRB Lab. GENERIFAR,501,50.00,35.00,50100,10,ANTIHISTAMINICO,ABC Proveedores
KETUTIFENO TB 1mg GENERIFAR,502,50.00,35.00,50200,10,ANTIHISTAMINICO,ABC Proveedores
KITA TOS JRB,503,50.00,35.00,50300,10,ANTIHISTAMINICO,ABC Proveedores
KOOL STRAIGH ALISADO,504,50.00,35.00,50400,10,ANTIHISTAMINICO,ABC Proveedores
KOTEX CON ALA,505,50.00,35.00,50500,10,ANTIHISTAMINICO,ABC Proveedores
KOTEX SIN ALA,506,50.00,35.00,50600,10,ANTIHISTAMINICO,ABC Proveedores
LACTOLAX BEBIBLE SOBRE LAXANTE,507,50.00,35.00,50700,10,ANTIHISTAMINICO,ABC Proveedores
LAGRIMAS ARTIFICIALES 0.25% 15ml Solucion Oftalmica (HIDROXIPROPILMETILCELULOSA),508,50.00,35.00,50800,10,ANTIHISTAMINICO,ABC Proveedores
LANZAPROZOL 30g CAP,509,50.00,35.00,50900,10,ANTIHISTAMINICO,ABC Proveedores
LECHE MAGNESIA PHILLIPS 360ml Lab. ASPEN,510,50.00,35.00,51000,10,ANTIHISTAMINICO,ABC Proveedores
LECHE MAGNESIA PHILLIPS 60ml Lab. ASPEN,511,50.00,35.00,51100,10,ANTIHISTAMINICO,ABC Proveedores
LEMOVIT PLUS JRB,512,50.00,35.00,51200,10,ANTIHISTAMINICO,ABC Proveedores
LEVAFUXACINO TAB 500mg,513,50.00,35.00,51300,10,ANTIHISTAMINICO,ABC Proveedores
LEVOFLOXACINA TB 500mg Lab. LPSA,514,50.00,35.00,51400,10,ANTIHISTAMINICO,ABC Proveedores
LEVOFLOXACINA TB 500mg Lab. PVT,515,50.00,35.00,51500,10,ANTIHISTAMINICO,ABC Proveedores
LEVOFLOXACINA TB 750 Lab. PVT,516,50.00,35.00,51600,10,ANTIHISTAMINICO,ABC Proveedores
LEVOSUPIRIDE 25mg TAB Lab. CAPLIN,517,50.00,35.00,51700,10,ANTIHISTAMINICO,ABC Proveedores
LIBERAT 500mg Lab. LOPEZ,518,50.00,35.00,51800,10,ANTIHISTAMINICO,ABC Proveedores
LIDOCAINA I.M,519,50.00,35.00,51900,10,ANTIHISTAMINICO,ABC Proveedores
LIPOTRON  FUERTE CON B12,520,50.00,35.00,52000,10,ANTIHISTAMINICO,ABC Proveedores
LIPTOMIEL JRB DE EUCALIPTO 120ml Lab. ISNAYA,521,50.00,35.00,52100,10,ANTIHISTAMINICO,ABC Proveedores
LISTERINE ENGUAJE BOCAL  MENTA  250 ML,522,50.00,35.00,52200,10,ANTIHISTAMINICO,ABC Proveedores
LOMZOL (SUSPENCION ORAL) Lab.PARMALAT 10ml PEDIATRICO,523,50.00,35.00,52300,10,ANTIHISTAMINICO,ABC Proveedores
LOMZOL JRB PEDIATRICO,524,50.00,35.00,52400,10,ANTIHISTAMINICO,ABC Proveedores
LOMZOL Lab. PHARMA SUSPENSION ORAL,525,50.00,35.00,52500,10,ANTIHISTAMINICO,ABC Proveedores
LORATADINA JRB Lab. LA SANTE,526,50.00,35.00,52600,10,ANTIHISTAMINICO,ABC Proveedores
LORATADINA TAB PHARMA,527,50.00,35.00,52700,10,ANTIHISTAMINICO,ABC Proveedores
LORAZEPAM 2mg TAB,528,50.00,35.00,52800,10,ANTIHISTAMINICO,ABC Proveedores
LORITEX JRB LORATADINA,529,50.00,35.00,52900,10,ANTIHISTAMINICO,ABC Proveedores
LOSARABEN 100MG,530,50.00,35.00,53000,10,ANTIHISTAMINICO,ABC Proveedores
LOSARABEN 10O H-25,531,50.00,35.00,53100,10,ANTIHISTAMINICO,ABC Proveedores
LOSARABEN 50H-12.5 TAB,532,50.00,35.00,53200,10,ANTIHISTAMINICO,ABC Proveedores
LOSARTAN 100mg PHARBUS S.A.,533,50.00,35.00,53300,10,ANTIHISTAMINICO,ABC Proveedores
LOSARTAN 100mg TAB Lab. CAPLIN,534,50.00,35.00,53400,10,ANTIHISTAMINICO,ABC Proveedores
LOSARTAN 50mg Lab. CAPLIN,535,50.00,35.00,53500,10,ANTIHISTAMINICO,ABC Proveedores
LOSARTAN 50mg Lab. LPSA,536,50.00,35.00,53600,10,ANTIHISTAMINICO,ABC Proveedores
LOSARTAN 50MG SANTE,537,50.00,35.00,53700,10,ANTIHISTAMINICO,ABC Proveedores
lotrimz crema 20mg caplin,538,50.00,35.00,53800,10,ANTIHISTAMINICO,ABC Proveedores
LUBRICANTE A BASE DE AGUA SABOR FRESA VIVE,539,50.00,35.00,53900,10,ANTIHISTAMINICO,ABC Proveedores
LUBRICANTE A BASE DE AGUA SIN OLOR-SABOR VIVE,540,50.00,35.00,54000,10,ANTIHISTAMINICO,ABC Proveedores
LUBRICANTE VIVE SABOR FRESA 30ml,541,50.00,35.00,54100,10,ANTIHISTAMINICO,ABC Proveedores
LUBRICANTE VIVE SIN OLOR-SABOR 120ml,542,50.00,35.00,54200,10,ANTIHISTAMINICO,ABC Proveedores
MACRO VITAM GOTA,543,50.00,35.00,54300,10,ANTIHISTAMINICO,ABC Proveedores
MAGNUM JRB 360ml,544,50.00,35.00,54400,10,ANTIHISTAMINICO,ABC Proveedores
MAGNUM SUSPENSION ORAL,545,50.00,35.00,54500,10,ANTIHISTAMINICO,ABC Proveedores
MALTON (ANTI ANEMICO) JRB 600ml,546,50.00,35.00,54600,10,ANTIHISTAMINICO,ABC Proveedores
MANZANILLA TE,547,50.00,35.00,54700,10,ANTIHISTAMINICO,ABC Proveedores
MANZATIN-E 40 g,548,50.00,35.00,54800,10,ANTIHISTAMINICO,ABC Proveedores
MARIPOSA #20,549,50.00,35.00,54900,10,ANTIHISTAMINICO,ABC Proveedores
MARIPOSA #21,550,50.00,35.00,55000,10,ANTIHISTAMINICO,ABC Proveedores
MARIPOSA #22,551,50.00,35.00,55100,10,ANTIHISTAMINICO,ABC Proveedores
MARIPOSA #23,552,50.00,35.00,55200,10,ANTIHISTAMINICO,ABC Proveedores
MASCARA NEBULIZADOR ADULTO Lab. ALL PRO MEDICAL,553,50.00,35.00,55300,10,ANTIHISTAMINICO,ABC Proveedores
MASCARA NEBULIZADOR PEDIATRICA Lab. DIAGNOS,554,50.00,35.00,55400,10,ANTIHISTAMINICO,ABC Proveedores
MASCARILLA AERO PRO CELESTE,555,50.00,35.00,55500,10,ANTIHISTAMINICO,ABC Proveedores
MASCARILLA CELESTE HEALTH FAMILY,556,50.00,35.00,55600,10,ANTIHISTAMINICO,ABC Proveedores
MASCARILLA INFANTIL UNISEC BLANCA,557,50.00,35.00,55700,10,ANTIHISTAMINICO,ABC Proveedores
MASCARILLA NEGRA Lab. GUOYAN,558,50.00,35.00,55800,10,ANTIHISTAMINICO,ABC Proveedores
MEBENDAMIN (MEBENDAZOL) 30ml JRB PEDIATRICO Lab. UNIPARM,559,50.00,35.00,55900,10,ANTIHISTAMINICO,ABC Proveedores
MEBENDAMIN (MEBENDAZOL) TB. Lab. UNIPARM,560,50.00,35.00,56000,10,ANTIHISTAMINICO,ABC Proveedores
MEBENDAZOL 100mg TB. Lab. Ramos,561,50.00,35.00,56100,10,ANTIHISTAMINICO,ABC Proveedores
MEBENDAZOL 100mg/5ml SUSPENCION ORAL,562,50.00,35.00,56200,10,ANTIHISTAMINICO,ABC Proveedores
MEDAX ABC JRB 120ml,563,50.00,35.00,56300,10,ANTIHISTAMINICO,ABC Proveedores
MEDAX ABC JRB 240ml,564,50.00,35.00,56400,10,ANTIHISTAMINICO,ABC Proveedores
MEDICAS CHAMPOO,565,50.00,35.00,56500,10,ANTIHISTAMINICO,ABC Proveedores
MEDOX PRENATAL UNPHARM,566,50.00,35.00,56600,10,ANTIHISTAMINICO,ABC Proveedores
MEGABION 25.000 IM,567,50.00,35.00,56700,10,ANTIHISTAMINICO,ABC Proveedores
MELOXICAN TB,568,50.00,35.00,56800,10,ANTIHISTAMINICO,ABC Proveedores
MENEPAROL BEBIBLE,569,50.00,35.00,56900,10,ANTIHISTAMINICO,ABC Proveedores
MENEPAROL PLUS TB,570,50.00,35.00,57000,10,ANTIHISTAMINICO,ABC Proveedores
MESYGEST I.M,571,50.00,35.00,57100,10,ANTIHISTAMINICO,ABC Proveedores
METFORMINA 500MG  TB,572,50.00,35.00,57200,10,ANTIHISTAMINICO,ABC Proveedores
METFORMINA 500ml,573,50.00,35.00,57300,10,ANTIHISTAMINICO,ABC Proveedores
METFORMINA 850mg TB,574,50.00,35.00,57400,10,ANTIHISTAMINICO,ABC Proveedores
METICEL OFTENO OJO SECO,575,50.00,35.00,57500,10,ANTIHISTAMINICO,ABC Proveedores
METOCLOPRAMIDA 10 MG/2 ML,576,50.00,35.00,57600,10,ANTIHISTAMINICO,ABC Proveedores
METOPROLOL 100mg,577,50.00,35.00,57700,10,ANTIHISTAMINICO,ABC Proveedores
METRAZOL JRB 250mg/5ml PEDIATRICO  SABOR CEREZA Lab. SOLKA,578,50.00,35.00,57800,10,ANTIHISTAMINICO,ABC Proveedores
METROCLOPAMIDA,579,50.00,35.00,57900,10,ANTIHISTAMINICO,ABC Proveedores
METROCLOPAMIDA CLO-PRIM TB,580,50.00,35.00,58000,10,ANTIHISTAMINICO,ABC Proveedores
METROCLOPAMIDA TB,581,50.00,35.00,58100,10,ANTIHISTAMINICO,ABC Proveedores
METRONIDAZOL TABLETAS RAMOS 500 MG,582,50.00,35.00,58200,10,ANTIHISTAMINICO,ABC Proveedores
METRONIDAZOLE TB. 500mg Lab. CAPLIN,583,50.00,35.00,58300,10,ANTIHISTAMINICO,ABC Proveedores
MICONAZOL 2% CREMA (VAGINAL) Lab. RAMOS,584,50.00,35.00,58400,10,ANTIHISTAMINICO,ABC Proveedores
MICRO GOTERO 150ml Lab. PROLIFE,585,50.00,35.00,58500,10,ANTIHISTAMINICO,ABC Proveedores
MICROGYNON GRAGEAS TB 2x21,586,50.00,35.00,58600,10,ANTIHISTAMINICO,ABC Proveedores
micropore  allpro,587,50.00,35.00,58700,10,ANTIHISTAMINICO,ABC Proveedores
MICROPORE PIEL 1.25cmx10 ALLPRO,588,50.00,35.00,58800,10,ANTIHISTAMINICO,ABC Proveedores
MIGRADURUXINA TB,589,50.00,35.00,58900,10,ANTIHISTAMINICO,ABC Proveedores
MIGRETIL TB,590,50.00,35.00,59000,10,ANTIHISTAMINICO,ABC Proveedores
MIO RELAX TB,591,50.00,35.00,59100,10,ANTIHISTAMINICO,ABC Proveedores
MONTELUKAS CALOP TB,592,50.00,35.00,59200,10,ANTIHISTAMINICO,ABC Proveedores
MORINGA CP NATURAL,593,50.00,35.00,59300,10,ANTIHISTAMINICO,ABC Proveedores
MUCOBROXOL JRB 7.5mg BIGOSA,594,50.00,35.00,59400,10,ANTIHISTAMINICO,ABC Proveedores
mucolex ambroxol 15mg/5ml pediatrico,595,50.00,35.00,59500,10,ANTIHISTAMINICO,ABC Proveedores
MUCOLEX COMPUESTO 120ml ADULTO Lab. PANZYMA,596,50.00,35.00,59600,10,ANTIHISTAMINICO,ABC Proveedores
muculex ambroxol 15mg/5ml,597,50.00,35.00,59700,10,ANTIHISTAMINICO,ABC Proveedores
MUCULEX COMPUESTO NIÃ‘O JRB,598,50.00,35.00,59800,10,ANTIHISTAMINICO,ABC Proveedores
MUGASIN PLANTAGOPSYLLIUM 230g,599,50.00,35.00,59900,10,ANTIHISTAMINICO,ABC Proveedores
MUKSOLVE COMPUESTO JRB Lab. HENIE,600,50.00,35.00,60000,10,ANTIHISTAMINICO,ABC Proveedores
MULTIPLEX (Prenatal) REFANIC,601,50.00,35.00,60100,10,ANTIHISTAMINICO,ABC Proveedores
MUPIROSIMA UNGUENTO 15g,602,50.00,35.00,60200,10,ANTIHISTAMINICO,ABC Proveedores
MYCOZOL NF CREMA 15g Lab. UNIPHARM,603,50.00,35.00,60300,10,ANTIHISTAMINICO,ABC Proveedores
NARTROMIN GABAPENTINA 400,604,50.00,35.00,60400,10,ANTIHISTAMINICO,ABC Proveedores
NASAL 2 SPRAY 60ml,605,50.00,35.00,60500,10,ANTIHISTAMINICO,ABC Proveedores
NASAL GOTA 15 ML,606,50.00,35.00,60600,10,ANTIHISTAMINICO,ABC Proveedores
NASOFENIL GOTA,607,50.00,35.00,60700,10,ANTIHISTAMINICO,ABC Proveedores
NAUSEOL DE 50 MG IM/IV,608,50.00,35.00,60800,10,ANTIHISTAMINICO,ABC Proveedores
NAUSEOL TAB,609,50.00,35.00,60900,10,ANTIHISTAMINICO,ABC Proveedores
NAUSYL 50mg lab solka,610,50.00,35.00,61000,10,ANTIHISTAMINICO,ABC Proveedores
NAZIL GOTA 15ml Lab. OPHIA,611,50.00,35.00,61100,10,ANTIHISTAMINICO,ABC Proveedores
NEOBOL CREMA,612,50.00,35.00,61200,10,ANTIHISTAMINICO,ABC Proveedores
NEOBOL SPRAY,613,50.00,35.00,61300,10,ANTIHISTAMINICO,ABC Proveedores
NEOROFORTAN NIÃ‘O 240ml,614,50.00,35.00,61400,10,ANTIHISTAMINICO,ABC Proveedores
neroplin im,615,50.00,35.00,61500,10,ANTIHISTAMINICO,ABC Proveedores
NERVI DOCE BEBIBLE,616,50.00,35.00,61600,10,ANTIHISTAMINICO,ABC Proveedores
nestogeno 800g  *3,617,50.00,35.00,61700,10,ANTIHISTAMINICO,ABC Proveedores
NESTUM TRIGO MIEL,618,50.00,35.00,61800,10,ANTIHISTAMINICO,ABC Proveedores
NEUOROVIT 10, 000 I.M,619,50.00,35.00,61900,10,ANTIHISTAMINICO,ABC Proveedores
NEUOROVIT 25, 000 I.M,620,50.00,35.00,62000,10,ANTIHISTAMINICO,ABC Proveedores
NEURO GRISE JALCON SIN OLOR,621,50.00,35.00,62100,10,ANTIHISTAMINICO,ABC Proveedores
NEUROBIENTO TAB,622,50.00,35.00,62200,10,ANTIHISTAMINICO,ABC Proveedores
NEUROBIO tab,623,50.00,35.00,62300,10,ANTIHISTAMINICO,ABC Proveedores
NEUROBION 25, 000 I.M,624,50.00,35.00,62400,10,ANTIHISTAMINICO,ABC Proveedores
NEUROFORTAN CAP,625,50.00,35.00,62500,10,ANTIHISTAMINICO,ABC Proveedores
NEUROPLIN 25000IM,626,50.00,35.00,62600,10,ANTIHISTAMINICO,ABC Proveedores
NIFEDI DENK 20mg TAB,627,50.00,35.00,62700,10,ANTIHISTAMINICO,ABC Proveedores
NIFEDI-DENK 20mg Lab. ALEMANIA,628,50.00,35.00,62800,10,ANTIHISTAMINICO,ABC Proveedores
NIFEDIPINA RETARD 20mg TAB,629,50.00,35.00,62900,10,ANTIHISTAMINICO,ABC Proveedores
NIKZoN TAB,630,50.00,35.00,63000,10,ANTIHISTAMINICO,ABC Proveedores
NISTATINA 100,000ML SELECTOHARMA GOTA,631,50.00,35.00,63100,10,ANTIHISTAMINICO,ABC Proveedores
NISTATINA GOTA RAMOS,632,50.00,35.00,63200,10,ANTIHISTAMINICO,ABC Proveedores
NITAZOXANIDA 500mg Lab. ECOMED,633,50.00,35.00,63300,10,ANTIHISTAMINICO,ABC Proveedores
NITROFURANTOINA 100mg TAB,634,50.00,35.00,63400,10,ANTIHISTAMINICO,ABC Proveedores
NO CAL JRB 12Oml,635,50.00,35.00,63500,10,ANTIHISTAMINICO,ABC Proveedores
nocal jbe paisa,636,50.00,35.00,63600,10,ANTIHISTAMINICO,ABC Proveedores
NODIN 3Oml,637,50.00,35.00,63700,10,ANTIHISTAMINICO,ABC Proveedores
NODIN 60ml,638,50.00,35.00,63800,10,ANTIHISTAMINICO,ABC Proveedores
NOGYILEN TAB,639,50.00,35.00,63900,10,ANTIHISTAMINICO,ABC Proveedores
NOMAGEST I.M,640,50.00,35.00,64000,10,ANTIHISTAMINICO,ABC Proveedores
NOMESTROL I.M,641,50.00,35.00,64100,10,ANTIHISTAMINICO,ABC Proveedores
NOR COLIC,642,50.00,35.00,64200,10,ANTIHISTAMINICO,ABC Proveedores
NOR CREZIN ZINC ELEMENTAL TAB,643,50.00,35.00,64300,10,ANTIHISTAMINICO,ABC Proveedores
NOR TRIPAR NITAXOZANIDA  JRB,644,50.00,35.00,64400,10,ANTIHISTAMINICO,ABC Proveedores
norgylen,645,50.00,35.00,64500,10,ANTIHISTAMINICO,ABC Proveedores
NOVALGINA TAB,646,50.00,35.00,64600,10,ANTIHISTAMINICO,ABC Proveedores
NOVULAR I.M,647,50.00,35.00,64700,10,ANTIHISTAMINICO,ABC Proveedores
NUCLEO CAP FORTE,648,50.00,35.00,64800,10,ANTIHISTAMINICO,ABC Proveedores
NUMEROS PARA CUMPLE,649,50.00,35.00,64900,10,ANTIHISTAMINICO,ABC Proveedores
NUMOSAN COMPOSTUM JRB,650,50.00,35.00,65000,10,ANTIHISTAMINICO,ABC Proveedores
NUMOSAN GOTA,651,50.00,35.00,65100,10,ANTIHISTAMINICO,ABC Proveedores
NUMOSAN JRB 115ml,652,50.00,35.00,65200,10,ANTIHISTAMINICO,ABC Proveedores
NUTRINE GRANDE,653,50.00,35.00,65300,10,ANTIHISTAMINICO,ABC Proveedores
NUTRISON H3 PLUS CAP,654,50.00,35.00,65400,10,ANTIHISTAMINICO,ABC Proveedores
NUTRISON JRB ADULTO,655,50.00,35.00,65500,10,ANTIHISTAMINICO,ABC Proveedores
NUTRISON JRB NIÃ‘O,656,50.00,35.00,65600,10,ANTIHISTAMINICO,ABC Proveedores
NUVOMIN 360ml  SUSPENSION ORAL Lab. NUVORA,657,50.00,35.00,65700,10,ANTIHISTAMINICO,ABC Proveedores
ODONTIL GOTA,658,50.00,35.00,65800,10,ANTIHISTAMINICO,ABC Proveedores
ODORIT CREMA DESOBRANTE 6g,659,50.00,35.00,65900,10,ANTIHISTAMINICO,ABC Proveedores
OERLAS DE COLORES PINTER,660,50.00,35.00,66000,10,ANTIHISTAMINICO,ABC Proveedores
OLEOFERINA JRB 60 ml,661,50.00,35.00,66100,10,ANTIHISTAMINICO,ABC Proveedores
Oleoferina Tab. Generifar,662,50.00,35.00,66200,10,ANTIHISTAMINICO,ABC Proveedores
OLMESARTAN 20mg CALOX,663,50.00,35.00,66300,10,ANTIHISTAMINICO,ABC Proveedores
OMEGA 3.6-9 VESA,664,50.00,35.00,66400,10,ANTIHISTAMINICO,ABC Proveedores
OMEGA -3-6-9 CP Lab. EL MANA,665,50.00,35.00,66500,10,ANTIHISTAMINICO,ABC Proveedores
OMEGA-3 CP Lab. EL MANA,666,50.00,35.00,66600,10,ANTIHISTAMINICO,ABC Proveedores
OMEPRASoL  40mg IM IV CAPLIN,667,50.00,35.00,66700,10,ANTIHISTAMINICO,ABC Proveedores
OMEPRAZOL CAPLIN,668,50.00,35.00,66800,10,ANTIHISTAMINICO,ABC Proveedores
OMEPRAZOL THON,669,50.00,35.00,66900,10,ANTIHISTAMINICO,ABC Proveedores
ORALECTRIL COCO,670,50.00,35.00,67000,10,ANTIHISTAMINICO,ABC Proveedores
ORALECTRIL DIABETEC,671,50.00,35.00,67100,10,ANTIHISTAMINICO,ABC Proveedores
OREDNISONA 50MG,672,50.00,35.00,67200,10,ANTIHISTAMINICO,ABC Proveedores
OROCORT (SOLUCION OTICA),673,50.00,35.00,67300,10,ANTIHISTAMINICO,ABC Proveedores
OTIK (SUSPENCION OTICA),674,50.00,35.00,67400,10,ANTIHISTAMINICO,ABC Proveedores
OTIOSPAN 40mg Lab. ARSAL,675,50.00,35.00,67500,10,ANTIHISTAMINICO,ABC Proveedores
OXA B TABLETA (DICLOFENACO POTASICO/ VITAMINAS B1 B6 B12),676,50.00,35.00,67600,10,ANTIHISTAMINICO,ABC Proveedores
OXA UNO CAPSULA LAB. PANALAB,677,50.00,35.00,67700,10,ANTIHISTAMINICO,ABC Proveedores
OXI CREAM  1/2 LITRO  VOL 30,678,50.00,35.00,67800,10,ANTIHISTAMINICO,ABC Proveedores
OXI CREAM 1/5 LITRO VOL 20,679,50.00,35.00,67900,10,ANTIHISTAMINICO,ABC Proveedores
OXI CREAM 1/5 VOL 10,680,50.00,35.00,68000,10,ANTIHISTAMINICO,ABC Proveedores
OXI CREAM 60ML PQ,681,50.00,35.00,68100,10,ANTIHISTAMINICO,ABC Proveedores
PANADOL EXTRA FUERTE ECSA 500 mg,682,50.00,35.00,68200,10,ANTIHISTAMINICO,ABC Proveedores
PANADOL NIÃ‘O 80 mg ECSA,683,50.00,35.00,68300,10,ANTIHISTAMINICO,ABC Proveedores
PANADOL NOCHE,684,50.00,35.00,68400,10,ANTIHISTAMINICO,ABC Proveedores
PANADOL SINUS ECSA,685,50.00,35.00,68500,10,ANTIHISTAMINICO,ABC Proveedores
PANADOL ULTRA  500mg/65mg  ECSA,686,50.00,35.00,68600,10,ANTIHISTAMINICO,ABC Proveedores
PANALITOS  ORIGINAL 200G,687,50.00,35.00,68700,10,ANTIHISTAMINICO,ABC Proveedores
PANESIA 10% 20ml Esprai,688,50.00,35.00,68800,10,ANTIHISTAMINICO,ABC Proveedores
PANESIA 5% (NIDOCAINA GEL),689,50.00,35.00,68900,10,ANTIHISTAMINICO,ABC Proveedores
PANTOPRASOL 40 mg Lab THEON,690,50.00,35.00,69000,10,ANTIHISTAMINICO,ABC Proveedores
PANTOPRAZOL 40 mg CALOX,691,50.00,35.00,69100,10,ANTIHISTAMINICO,ABC Proveedores
PANTOPRAZOL 40 mg PAISA,692,50.00,35.00,69200,10,ANTIHISTAMINICO,ABC Proveedores
paÃ±alito 200g,693,50.00,35.00,69300,10,ANTIHISTAMINICO,ABC Proveedores
PARACETAMOL MK 750 mg,694,50.00,35.00,69400,10,ANTIHISTAMINICO,ABC Proveedores
PARASETAMOL 500 mg PHARMAT,695,50.00,35.00,69500,10,ANTIHISTAMINICO,ABC Proveedores
PARCHE TERMICO LEON,696,50.00,35.00,69600,10,ANTIHISTAMINICO,ABC Proveedores
PASINERBA Lab. INFASA,697,50.00,35.00,69700,10,ANTIHISTAMINICO,ABC Proveedores
PASMOLIT ANTIPASMOLIT  1g/2ml,698,50.00,35.00,69800,10,ANTIHISTAMINICO,ABC Proveedores
PASTA AL AGUA 20% 40g,699,50.00,35.00,69900,10,ANTIHISTAMINICO,ABC Proveedores
PEDIALAY SUERO,700,50.00,35.00,70000,10,ANTIHISTAMINICO,ABC Proveedores
PEDIARROL,701,50.00,35.00,70100,10,ANTIHISTAMINICO,ABC Proveedores
PEGA LOCA,702,50.00,35.00,70200,10,ANTIHISTAMINICO,ABC Proveedores
PEN DI BEN (POLVO PARA SUSPECION INYECTABLE),703,50.00,35.00,70300,10,ANTIHISTAMINICO,ABC Proveedores
PEN DI BEN 1.200.00 IM,704,50.00,35.00,70400,10,ANTIHISTAMINICO,ABC Proveedores
PENICILINA IM 1.2MIL CAPLIN,705,50.00,35.00,70500,10,ANTIHISTAMINICO,ABC Proveedores
PEPTO GEL JRB 120ML,706,50.00,35.00,70600,10,ANTIHISTAMINICO,ABC Proveedores
PEPTOBISMOL (SUSOENCION ORAL) 118 ml,707,50.00,35.00,70700,10,ANTIHISTAMINICO,ABC Proveedores
PEPTOBISMOL (SUSPENCION ORAL) 235 ml,708,50.00,35.00,70800,10,ANTIHISTAMINICO,ABC Proveedores
PEPTOBISMOL TABLETA,709,50.00,35.00,70900,10,ANTIHISTAMINICO,ABC Proveedores
PERMARCHAR HILETH,710,50.00,35.00,71000,10,ANTIHISTAMINICO,ABC Proveedores
PIPETA OIDO/NASAL 1 O. Lab. INSU+MED,711,50.00,35.00,71100,10,ANTIHISTAMINICO,ABC Proveedores
PIPETA OIDO/NASAL 2 O. Lab. INSU+MED,712,50.00,35.00,71200,10,ANTIHISTAMINICO,ABC Proveedores
piracerebral bebible,713,50.00,35.00,71300,10,ANTIHISTAMINICO,ABC Proveedores
PIROXICAM 20mg Lab. ENERIFAR,714,50.00,35.00,71400,10,ANTIHISTAMINICO,ABC Proveedores
PIRVEN 2.5% GEL,715,50.00,35.00,71500,10,ANTIHISTAMINICO,ABC Proveedores
PLENOCINA 100mg OVULO,716,50.00,35.00,71600,10,ANTIHISTAMINICO,ABC Proveedores
POMADA DE VACA,717,50.00,35.00,71700,10,ANTIHISTAMINICO,ABC Proveedores
pomada divina lata,718,50.00,35.00,71800,10,ANTIHISTAMINICO,ABC Proveedores
POMADA ROJA Lab. SOL,719,50.00,35.00,71900,10,ANTIHISTAMINICO,ABC Proveedores
PPMS ULTRA LAB.PANZYMA,720,50.00,35.00,72000,10,ANTIHISTAMINICO,ABC Proveedores
PREDNICORT 15 JRB 15mg/5ml,721,50.00,35.00,72100,10,ANTIHISTAMINICO,ABC Proveedores
PREDNISOLANA JRB 60ml (5mg/5ml) Lab. RAMOS,722,50.00,35.00,72200,10,ANTIHISTAMINICO,ABC Proveedores
PREDNISONA 50 mg Lab Ramos,723,50.00,35.00,72300,10,ANTIHISTAMINICO,ABC Proveedores
PREDNISONA 5MG,724,50.00,35.00,72400,10,ANTIHISTAMINICO,ABC Proveedores
PREGABALINA 75 mg Lab ECOMED,725,50.00,35.00,72500,10,ANTIHISTAMINICO,ABC Proveedores
PREGABALINA 75MG TB LOS PAISAS,726,50.00,35.00,72600,10,ANTIHISTAMINICO,ABC Proveedores
PRENAFLOR PLUS Lan PHAMLAT,727,50.00,35.00,72700,10,ANTIHISTAMINICO,ABC Proveedores
PRENATALES (MULTIVITAMINA CAPLIN),728,50.00,35.00,72800,10,ANTIHISTAMINICO,ABC Proveedores
PRENISONA 5mg Lb Ramos,729,50.00,35.00,72900,10,ANTIHISTAMINICO,ABC Proveedores
PRO-RINAL ADULTO  SOLUCION NASAL NAFOZALINA 1mg  Lab. RAMOS,730,50.00,35.00,73000,10,ANTIHISTAMINICO,ABC Proveedores
PRO-RINAL NIÃ‘O  DESCONGESTINANANTE NASAL NAFOZALINA 0.50mg  Lab. RAMOS,731,50.00,35.00,73100,10,ANTIHISTAMINICO,ABC Proveedores
PULMO CALCIO FRESA LAB.LOPEZ,732,50.00,35.00,73200,10,ANTIHISTAMINICO,ABC Proveedores
PULMO GRIP BALSOMIC 120ml,733,50.00,35.00,73300,10,ANTIHISTAMINICO,ABC Proveedores
PULMO GRIP CAP,734,50.00,35.00,73400,10,ANTIHISTAMINICO,ABC Proveedores
PULMO GRIP Lab. NORDIC JRB,735,50.00,35.00,73500,10,ANTIHISTAMINICO,ABC Proveedores
PULMOGENO PLUS JRB 115ml,736,50.00,35.00,73600,10,ANTIHISTAMINICO,ABC Proveedores
PYROFANTIL 100mg SUPOSITORIO ANALGESICO ANTIPIRETICO,737,50.00,35.00,73700,10,ANTIHISTAMINICO,ABC Proveedores
PYROFANTIL 300mg SUPOSITORIO ANALGESICO ANTIPIRETICO,738,50.00,35.00,73800,10,ANTIHISTAMINICO,ABC Proveedores
PYROFANTIL 300mg SUPOSITORIO PEDIATRICO,739,50.00,35.00,73900,10,ANTIHISTAMINICO,ABC Proveedores
QG5 TB.,740,50.00,35.00,74000,10,ANTIHISTAMINICO,ABC Proveedores
RABANO AYODADADO 240ml JRB CEGUEL,741,50.00,35.00,74100,10,ANTIHISTAMINICO,ABC Proveedores
RANITIDINA  TB. 300mg Lab. THEON,742,50.00,35.00,74200,10,ANTIHISTAMINICO,ABC Proveedores
RANITIDINA 50mg/2ml IM/IB,743,50.00,35.00,74300,10,ANTIHISTAMINICO,ABC Proveedores
RANITIDINA TB. 300 mg Lab. CAPLIN,744,50.00,35.00,74400,10,ANTIHISTAMINICO,ABC Proveedores
RECARGA CLARO,745,50.00,35.00,74500,10,ANTIHISTAMINICO,ABC Proveedores
RECARGA TIGO,746,50.00,35.00,74600,10,ANTIHISTAMINICO,ABC Proveedores
RECOLECRORES DE ECES,747,50.00,35.00,74700,10,ANTIHISTAMINICO,ABC Proveedores
RECOLECTOR DE ORINA Lab. ALLPRO MEDICAL,748,50.00,35.00,74800,10,ANTIHISTAMINICO,ABC Proveedores
RELAXIDIN250 mg TB. (DICLOFENAC + CARISOPRODOL) Lab. Ramos,749,50.00,35.00,74900,10,ANTIHISTAMINICO,ABC Proveedores
RELOXYL COMPUESTO 20 ml PARA NEBULIZAR Lab. CEGUEL,750,50.00,35.00,75000,10,ANTIHISTAMINICO,ABC Proveedores
RELOXYN SIMPLE 20ml Lab. CEGUEL,751,50.00,35.00,75100,10,ANTIHISTAMINICO,ABC Proveedores
RH2  RANITIDINA 150mg/10ml JRB Lab. INFASA,752,50.00,35.00,75200,10,ANTIHISTAMINICO,ABC Proveedores
RIKO FALL FUERTE 60g,753,50.00,35.00,75300,10,ANTIHISTAMINICO,ABC Proveedores
RINOKEM PLUS  CP. ANTIGRIPAL Lab. MEDIKEN,754,50.00,35.00,75400,10,ANTIHISTAMINICO,ABC Proveedores
RINOTAPP BROMFENIRAMINA-FENILEFRINA,755,50.00,35.00,75500,10,ANTIHISTAMINICO,ABC Proveedores
RIÃ‘ONAT,756,50.00,35.00,75600,10,ANTIHISTAMINICO,ABC Proveedores
ROCEFORT 1g I.M VIJOSA,757,50.00,35.00,75700,10,ANTIHISTAMINICO,ABC Proveedores
ROCEFORT 1g IV Lab. VIJOSA,758,50.00,35.00,75800,10,ANTIHISTAMINICO,ABC Proveedores
ROSUVASTATINA 20mg TB. Lab CAPLIN,759,50.00,35.00,75900,10,ANTIHISTAMINICO,ABC Proveedores
ROWACHOL CP. Lab. Rowa,760,50.00,35.00,76000,10,ANTIHISTAMINICO,ABC Proveedores
ROWATINEX CP.  Lab. Rowa,761,50.00,35.00,76100,10,ANTIHISTAMINICO,ABC Proveedores
Rrh2 ranitidina 40mg /ml GOTAS PEDIATRICAS Lab. INFASA,762,50.00,35.00,76200,10,ANTIHISTAMINICO,ABC Proveedores
RUPATADINE 120 ml JRB Lab. CALOX,763,50.00,35.00,76300,10,ANTIHISTAMINICO,ABC Proveedores
SABA CLASICA CON ALA,764,50.00,35.00,76400,10,ANTIHISTAMINICO,ABC Proveedores
SABA CLASICA SIN ALA,765,50.00,35.00,76500,10,ANTIHISTAMINICO,ABC Proveedores
SABA MANZANILLA CON ALA,766,50.00,35.00,76600,10,ANTIHISTAMINICO,ABC Proveedores
SABA MANZANILLA SIN ALA,767,50.00,35.00,76700,10,ANTIHISTAMINICO,ABC Proveedores
SABA PROTEXTURES,768,50.00,35.00,76800,10,ANTIHISTAMINICO,ABC Proveedores
SALBUTAMOL INHALADOR Lab. Unimark,769,50.00,35.00,76900,10,ANTIHISTAMINICO,ABC Proveedores
SALEXON,770,50.00,35.00,77000,10,ANTIHISTAMINICO,ABC Proveedores
SANA SANA POMADA,771,50.00,35.00,77100,10,ANTIHISTAMINICO,ABC Proveedores
SCABISAN (PERMITRINA, CREMA 5%),772,50.00,35.00,77200,10,ANTIHISTAMINICO,ABC Proveedores
SCALP VEIN SET NIPRO 23 G,773,50.00,35.00,77300,10,ANTIHISTAMINICO,ABC Proveedores
SECNIDAZOL 125mg/5ml Lab. CAPLIN,774,50.00,35.00,77400,10,ANTIHISTAMINICO,ABC Proveedores
SECNIDAZOL 500mg TB. Lab. GENERIFAR,775,50.00,35.00,77500,10,ANTIHISTAMINICO,ABC Proveedores
SELLO DE PARINA,776,50.00,35.00,77600,10,ANTIHISTAMINICO,ABC Proveedores
SERAFON CP Lab. FARCOSA,777,50.00,35.00,77700,10,ANTIHISTAMINICO,ABC Proveedores
SERAFON JRB Lab. CEGUEL,778,50.00,35.00,77800,10,ANTIHISTAMINICO,ABC Proveedores
SERTAL COMPUESTA Lab.Megalabs,779,50.00,35.00,77900,10,ANTIHISTAMINICO,ABC Proveedores
SERTAL GOTA (PROPINOX CLORHIDRATO 1%) 20 ml Lab. Megalabs,780,50.00,35.00,78000,10,ANTIHISTAMINICO,ABC Proveedores
SIL NORBORAL TB,781,50.00,35.00,78100,10,ANTIHISTAMINICO,ABC Proveedores
SILCON 60ML QP,782,50.00,35.00,78200,10,ANTIHISTAMINICO,ABC Proveedores
SILDENAFIL 100mg TB. Lab. CALOX,783,50.00,35.00,78300,10,ANTIHISTAMINICO,ABC Proveedores
SILDENAFIL 100mg TB. Lab. THEON,784,50.00,35.00,78400,10,ANTIHISTAMINICO,ABC Proveedores
SILDENAFIL 50mg TB. Lab. CALOX,785,50.00,35.00,78500,10,ANTIHISTAMINICO,ABC Proveedores
SIL-NORBARAL TB. 5mg/1000mg Lab.DISEGSA,786,50.00,35.00,78600,10,ANTIHISTAMINICO,ABC Proveedores
silnorboral 5mg/1000mg,787,50.00,35.00,78700,10,ANTIHISTAMINICO,ABC Proveedores
SILVEX 1% CREMA Lab. LOS PAISAS,788,50.00,35.00,78800,10,ANTIHISTAMINICO,ABC Proveedores
SIMBASTATINA 10mg TB Lab.UNIMARK,789,50.00,35.00,78900,10,ANTIHISTAMINICO,ABC Proveedores
SIMBASTATINA 10mg TB. Lab.Generifar,790,50.00,35.00,79000,10,ANTIHISTAMINICO,ABC Proveedores
SIMBASTATINA 20mg TB Lab. UNIMARK,791,50.00,35.00,79100,10,ANTIHISTAMINICO,ABC Proveedores
SIMBASTATINA 40mg Tab. Generifar,792,50.00,35.00,79200,10,ANTIHISTAMINICO,ABC Proveedores
SIMETICONA GOTA 100ML  SELECTPHARMA,793,50.00,35.00,79300,10,ANTIHISTAMINICO,ABC Proveedores
SIMITICONA GOTA,794,50.00,35.00,79400,10,ANTIHISTAMINICO,ABC Proveedores
SIN FLU JRB,795,50.00,35.00,79500,10,ANTIHISTAMINICO,ABC Proveedores
SINHISTAN SOLUCION ORAL Lab. LANCASCO,796,50.00,35.00,79600,10,ANTIHISTAMINICO,ABC Proveedores
SOLUCION HT PISA HARTMANN 1000ML,797,50.00,35.00,79700,10,ANTIHISTAMINICO,ABC Proveedores
SOLUCION SALINO 100ml,798,50.00,35.00,79800,10,ANTIHISTAMINICO,ABC Proveedores
SOLUCION SALINO 500ml,799,50.00,35.00,79900,10,ANTIHISTAMINICO,ABC Proveedores
solu-medrol 40mg pfizer,800,50.00,35.00,80000,10,ANTIHISTAMINICO,ABC Proveedores
SPASMO-UROLONG TAB. 125mg,801,50.00,35.00,80100,10,ANTIHISTAMINICO,ABC Proveedores
SUCRAMAL(SUCRALFATO 1g  SOBRE ),802,50.00,35.00,80200,10,ANTIHISTAMINICO,ABC Proveedores
SUCRASSYL (SOBRE, SUCRALFATO 1g),803,50.00,35.00,80300,10,ANTIHISTAMINICO,ABC Proveedores
SUCRASSYL JRB  Lab. PAILL,804,50.00,35.00,80400,10,ANTIHISTAMINICO,ABC Proveedores
SUCROL-VIGOR TB. Lab. Farmamedica S.A.,805,50.00,35.00,80500,10,ANTIHISTAMINICO,ABC Proveedores
SUDAGRIP ANTIGRIPAL CP.,806,50.00,35.00,80600,10,ANTIHISTAMINICO,ABC Proveedores
SUDAGRIP BALSAMICO I.M,807,50.00,35.00,80700,10,ANTIHISTAMINICO,ABC Proveedores
SUERO ALCALMO PIÃ‘A,808,50.00,35.00,80800,10,ANTIHISTAMINICO,ABC Proveedores
SUERO ALCANO VITAMINADO SB,809,50.00,35.00,80900,10,ANTIHISTAMINICO,ABC Proveedores
SUERO ANCALMO FRESA SOBRE,810,50.00,35.00,81000,10,ANTIHISTAMINICO,ABC Proveedores
SUERO ANCALMO NARANJA,811,50.00,35.00,81100,10,ANTIHISTAMINICO,ABC Proveedores
SUERO ANCALMO VITAMINADO,812,50.00,35.00,81200,10,ANTIHISTAMINICO,ABC Proveedores
SUERO ELECTROLITOS APO  NARANJA,813,50.00,35.00,81300,10,ANTIHISTAMINICO,ABC Proveedores
SUKROL BEBIBLE,814,50.00,35.00,81400,10,ANTIHISTAMINICO,ABC Proveedores
SUKROL BEBIBLEM Lab.FARMAMEDICA,815,50.00,35.00,81500,10,ANTIHISTAMINICO,ABC Proveedores
SULFAPRIM FORTE TB. Lab. CEGUEL,816,50.00,35.00,81600,10,ANTIHISTAMINICO,ABC Proveedores
SULFAPRIM JRB Lab. CEGUEL,817,50.00,35.00,81700,10,ANTIHISTAMINICO,ABC Proveedores
sulfateazol tab,818,50.00,35.00,81800,10,ANTIHISTAMINICO,ABC Proveedores
SULFATO FERROSO + ACIDO FOLICO 200mg (Hierro elemental 60mg) + 0.4mg Lab. RAMOS,819,50.00,35.00,81900,10,ANTIHISTAMINICO,ABC Proveedores
SULFATO FERROSO GOTA 15ml/0.6ml Lab. Ramos,820,50.00,35.00,82000,10,ANTIHISTAMINICO,ABC Proveedores
SUPER LIMPIA COLON NATURAL 220g,821,50.00,35.00,82100,10,ANTIHISTAMINICO,ABC Proveedores
SUPER TUMBA GRASA,822,50.00,35.00,82200,10,ANTIHISTAMINICO,ABC Proveedores
SUPERTIAMINA 300 mg Lab. Ramos,823,50.00,35.00,82300,10,ANTIHISTAMINICO,ABC Proveedores
suplemento de calcio calplex,824,50.00,35.00,82400,10,ANTIHISTAMINICO,ABC Proveedores
suplemento de calcio y vitamina D calplex infasa,825,50.00,35.00,82500,10,ANTIHISTAMINICO,ABC Proveedores
t . p. h pomada 25g,826,50.00,35.00,82600,10,ANTIHISTAMINICO,ABC Proveedores
T P H CREMA 25G,827,50.00,35.00,82700,10,ANTIHISTAMINICO,ABC Proveedores
T P H LOCION 60ML,828,50.00,35.00,82800,10,ANTIHISTAMINICO,ABC Proveedores
T.P.H POMADA 25g,829,50.00,35.00,82900,10,ANTIHISTAMINICO,ABC Proveedores
tabcin  extrafuerte dia cap,830,50.00,35.00,83000,10,ANTIHISTAMINICO,ABC Proveedores
TABCIN ANTIGRIPAL EFERVECENTE Lab. BAYER,831,50.00,35.00,83100,10,ANTIHISTAMINICO,ABC Proveedores
TABCIN DIA ANTIGRIPAL Lab. BAYER,832,50.00,35.00,83200,10,ANTIHISTAMINICO,ABC Proveedores
tabcin extrafuerte noche cap,833,50.00,35.00,83300,10,ANTIHISTAMINICO,ABC Proveedores
tabcin extrafuete dia,834,50.00,35.00,83400,10,ANTIHISTAMINICO,ABC Proveedores
TABCIN GRIPE Y TOS Lab. BAYER,835,50.00,35.00,83500,10,ANTIHISTAMINICO,ABC Proveedores
TABCIN NIÃ‘O Lab. BAYER,836,50.00,35.00,83600,10,ANTIHISTAMINICO,ABC Proveedores
TABCIN NOCHE ANTIGRIPAL Lab. BAYER,837,50.00,35.00,83700,10,ANTIHISTAMINICO,ABC Proveedores
TADALAFIL 20MG CALOX,838,50.00,35.00,83800,10,ANTIHISTAMINICO,ABC Proveedores
TALERDIN 10 mg Lab.GUTIS,839,50.00,35.00,83900,10,ANTIHISTAMINICO,ABC Proveedores
TALERDIN JRB 60ml Lab.GUTIS,840,50.00,35.00,84000,10,ANTIHISTAMINICO,ABC Proveedores
TALLERDIN GOTA 10ml Lab.GUTIS,841,50.00,35.00,84100,10,ANTIHISTAMINICO,ABC Proveedores
TAP-ON CONTRA LA DIARREA,842,50.00,35.00,84200,10,ANTIHISTAMINICO,ABC Proveedores
TE DE CANELA,843,50.00,35.00,84300,10,ANTIHISTAMINICO,ABC Proveedores
TE DE JENGIBRE LIMON,844,50.00,35.00,84400,10,ANTIHISTAMINICO,ABC Proveedores
TE DE LIMON MCCORMICK,845,50.00,35.00,84500,10,ANTIHISTAMINICO,ABC Proveedores
TE DE MANZANILLA,846,50.00,35.00,84600,10,ANTIHISTAMINICO,ABC Proveedores
TE DE TRANQUITE,847,50.00,35.00,84700,10,ANTIHISTAMINICO,ABC Proveedores
TE GENGIBLE,848,50.00,35.00,84800,10,ANTIHISTAMINICO,ABC Proveedores
TE JENGIBLE,849,50.00,35.00,84900,10,ANTIHISTAMINICO,ABC Proveedores
TE MANZANILLA,850,50.00,35.00,85000,10,ANTIHISTAMINICO,ABC Proveedores
TE NEGRO,851,50.00,35.00,85100,10,ANTIHISTAMINICO,ABC Proveedores
TE NEGRO  MCCORMICK,852,50.00,35.00,85200,10,ANTIHISTAMINICO,ABC Proveedores
TE VERDE,853,50.00,35.00,85300,10,ANTIHISTAMINICO,ABC Proveedores
TE VERDE SOBRE,854,50.00,35.00,85400,10,ANTIHISTAMINICO,ABC Proveedores
TETRACICLINA 1% CLORHIDRATO UMGUENTO,855,50.00,35.00,85500,10,ANTIHISTAMINICO,ABC Proveedores
TETRACLICINA CP 500mg Lab. CAPLIN POINT,856,50.00,35.00,85600,10,ANTIHISTAMINICO,ABC Proveedores
TEVERIN GOTA,857,50.00,35.00,85700,10,ANTIHISTAMINICO,ABC Proveedores
TEZONA INDIA TE,858,50.00,35.00,85800,10,ANTIHISTAMINICO,ABC Proveedores
TINIDAZOL 500ng Lab. BENGOECHEA . S.A,859,50.00,35.00,85900,10,ANTIHISTAMINICO,ABC Proveedores
TINIDAZOL FORTE 1g Lab. SOLKA, S.A.,860,50.00,35.00,86000,10,ANTIHISTAMINICO,ABC Proveedores
TOMA DE PRECION,861,50.00,35.00,86100,10,ANTIHISTAMINICO,ABC Proveedores
TPH SOLUCION,862,50.00,35.00,86200,10,ANTIHISTAMINICO,ABC Proveedores
TRAMADOL ANALGESICO 50mg Lab.ECOMED,863,50.00,35.00,86300,10,ANTIHISTAMINICO,ABC Proveedores
TRAMADOL CP 50mg Lab.THEON,864,50.00,35.00,86400,10,ANTIHISTAMINICO,ABC Proveedores
TRAMADOL TB 50mg Lab. PHARBUS,865,50.00,35.00,86500,10,ANTIHISTAMINICO,ABC Proveedores
TRANSPORE 3m (1mx10yds),866,50.00,35.00,86600,10,ANTIHISTAMINICO,ABC Proveedores
TRESBIOT (TRIPLE ANTIBIOTICO CREMA) Lab. CAPIN,867,50.00,35.00,86700,10,ANTIHISTAMINICO,ABC Proveedores
TRICALFOS B12 JBE 240 ML,868,50.00,35.00,86800,10,ANTIHISTAMINICO,ABC Proveedores
TRIPLE ANTIBIOTICO  UNGUENTO Lab. CEGUEL 20g,869,50.00,35.00,86900,10,ANTIHISTAMINICO,ABC Proveedores
TRIPLE ANTIBIOTICO CREMA IFC,870,50.00,35.00,87000,10,ANTIHISTAMINICO,ABC Proveedores
TRIYOSAN 10% YODO POVIDONA 120ml,871,50.00,35.00,87100,10,ANTIHISTAMINICO,ABC Proveedores
TUSILEXIL JRB 120ml Lab. Rowe,872,50.00,35.00,87200,10,ANTIHISTAMINICO,ABC Proveedores
ULTRA DOCEPLEX I.M,873,50.00,35.00,87300,10,ANTIHISTAMINICO,ABC Proveedores
ULTRA DOCEPLEX MEGA MAN+,874,50.00,35.00,87400,10,ANTIHISTAMINICO,ABC Proveedores
ULTRA DOCEPLEX NF DRINKABLE ENERGY BIISTER Y ANTI-STRESS,875,50.00,35.00,87500,10,ANTIHISTAMINICO,ABC Proveedores
UNIACT6 1ml I.M Lab. CAPLIN,876,50.00,35.00,87600,10,ANTIHISTAMINICO,ABC Proveedores
UNICIL  4 000 000 Lab. UNIPHARMA im,877,50.00,35.00,87700,10,ANTIHISTAMINICO,ABC Proveedores
unicil 6-3-3,878,50.00,35.00,87800,10,ANTIHISTAMINICO,ABC Proveedores
UNISIL 6-3-3 Lab. UNIPHARMA,879,50.00,35.00,87900,10,ANTIHISTAMINICO,ABC Proveedores
UNISIL I.M  Lab. UNIPHARMA,880,50.00,35.00,88000,10,ANTIHISTAMINICO,ABC Proveedores
URGINAL OXIBUTININA CLORHIDRATO 5mg TB,881,50.00,35.00,88100,10,ANTIHISTAMINICO,ABC Proveedores
UROBERRY FEM TB. Lab. LAFAGE,882,50.00,35.00,88200,10,ANTIHISTAMINICO,ABC Proveedores
UVAMIN RETAR CAP,883,50.00,35.00,88300,10,ANTIHISTAMINICO,ABC Proveedores
VALERIANA,884,50.00,35.00,88400,10,ANTIHISTAMINICO,ABC Proveedores
VALERPAN I.M,885,50.00,35.00,88500,10,ANTIHISTAMINICO,ABC Proveedores
VANTAL BUCOFAR NGE ESPRAY Lab. GROOSMAN,886,50.00,35.00,88600,10,ANTIHISTAMINICO,ABC Proveedores
VAPORUB 12g,887,50.00,35.00,88700,10,ANTIHISTAMINICO,ABC Proveedores
VAPORUB 50g,888,50.00,35.00,88800,10,ANTIHISTAMINICO,ABC Proveedores
VAPORUB INHALADOR,889,50.00,35.00,88900,10,ANTIHISTAMINICO,ABC Proveedores
VASELINA SIMPLE,890,50.00,35.00,89000,10,ANTIHISTAMINICO,ABC Proveedores
VASELINA SIMPLE AL 100,891,50.00,35.00,89100,10,ANTIHISTAMINICO,ABC Proveedores
VASELINA SIMPLE AL 100% DISCARSA  30G,892,50.00,35.00,89200,10,ANTIHISTAMINICO,ABC Proveedores
VASELINA SIMPLE BABY,893,50.00,35.00,89300,10,ANTIHISTAMINICO,ABC Proveedores
VASELINA Z-DERM 60g,894,50.00,35.00,89400,10,ANTIHISTAMINICO,ABC Proveedores
VASTAREL MR 35mg Lab. SERVIER,895,50.00,35.00,89500,10,ANTIHISTAMINICO,ABC Proveedores
VENDA DE GASA (4x9yds) INSU+MED,896,50.00,35.00,89600,10,ANTIHISTAMINICO,ABC Proveedores
VENDA DE GASA (4x9yds) LPSA,897,50.00,35.00,89700,10,ANTIHISTAMINICO,ABC Proveedores
VENDA DE GASA (6x9yds) INSU+MED,898,50.00,35.00,89800,10,ANTIHISTAMINICO,ABC Proveedores
VENDA DE GASA (6x9yds) LPSA,899,50.00,35.00,89900,10,ANTIHISTAMINICO,ABC Proveedores
VENDA DE GASA SOBRE,900,50.00,35.00,90000,10,ANTIHISTAMINICO,ABC Proveedores
"VENDA ELASTICA 2""x5yards La. ALLPRO MEDICAL,901,50.00,35.00,90100,10,ANTIHISTAMINICO,ABC Proveedores"
VENDA ELASTICA 4*5 YDS,902,50.00,35.00,90200,10,ANTIHISTAMINICO,ABC Proveedores
VENDA ELASTICA 6*5 YDS,903,50.00,35.00,90300,10,ANTIHISTAMINICO,ABC Proveedores
VENDA ELASTICA PARA CODO (M),904,50.00,35.00,90400,10,ANTIHISTAMINICO,ABC Proveedores
VENDA ELASTICA PARA TALON NEGRO,905,50.00,35.00,90500,10,ANTIHISTAMINICO,ABC Proveedores
VENDA GASA 4x10yds ALLPRO,906,50.00,35.00,90600,10,ANTIHISTAMINICO,ABC Proveedores
VENOSMIL CP,907,50.00,35.00,90700,10,ANTIHISTAMINICO,ABC Proveedores
VERAPAMIL 80mg Lab. Generifar,908,50.00,35.00,90800,10,ANTIHISTAMINICO,ABC Proveedores
VERTISAL (METRONIDASOL) 250mg Lab.Silanes,909,50.00,35.00,90900,10,ANTIHISTAMINICO,ABC Proveedores
VESINE GOTA 15ml,910,50.00,35.00,91000,10,ANTIHISTAMINICO,ABC Proveedores
VEXIN PLUS,911,50.00,35.00,91100,10,ANTIHISTAMINICO,ABC Proveedores
VINO VITAMINADO TRES TOROS Lab.DIGUESA,912,50.00,35.00,91200,10,ANTIHISTAMINICO,ABC Proveedores
VIRO-GRIP A.M. 2GELCAPS Lab. VIJOSA,913,50.00,35.00,91300,10,ANTIHISTAMINICO,ABC Proveedores
VIRO-GRIP GRIPE Y TOS 120ml  SABOR UVA Lab.VIJOSA,914,50.00,35.00,91400,10,ANTIHISTAMINICO,ABC Proveedores
VIRO-GRIP I.M Lab. VIJOSA,915,50.00,35.00,91500,10,ANTIHISTAMINICO,ABC Proveedores
VIRO-GRIP LIMON A.M Lb. VIJOSA te,916,50.00,35.00,91600,10,ANTIHISTAMINICO,ABC Proveedores
VIRO-GRIP P.M 2GELCAPS Lab. VIJOSA,917,50.00,35.00,91700,10,ANTIHISTAMINICO,ABC Proveedores
vit adk 15 E ADULTO,918,50.00,35.00,91800,10,ANTIHISTAMINICO,ABC Proveedores
VIT ADK 15-E VITAMINAS A. D Y E Lab. RAMOS SOLUCION ORAL,919,50.00,35.00,91900,10,ANTIHISTAMINICO,ABC Proveedores
VIT ADK 5-E VITAMINAS A, D Y E Lab. RAMOS,920,50.00,35.00,92000,10,ANTIHISTAMINICO,ABC Proveedores
VITA FORTE CP B1 100mg, B6 100mg, B12 0.2mg Lab. RAMOS,921,50.00,35.00,92100,10,ANTIHISTAMINICO,ABC Proveedores
VITA ROJA  (COMPLEJO B + VITAMINA A Y D3) 240 ml Lab. CEGUEL,922,50.00,35.00,92200,10,ANTIHISTAMINICO,ABC Proveedores
VITAFLENACO CP,923,50.00,35.00,92300,10,ANTIHISTAMINICO,ABC Proveedores
VITAL FUERTE  CP,924,50.00,35.00,92400,10,ANTIHISTAMINICO,ABC Proveedores
VITAL FUERTE BEBIBLE EN AMPOLLA,925,50.00,35.00,92500,10,ANTIHISTAMINICO,ABC Proveedores
VITAL FUERTE H3 ANTIOXIDANTE,926,50.00,35.00,92600,10,ANTIHISTAMINICO,ABC Proveedores
VITALGIA 25, 000 I.M,927,50.00,35.00,92700,10,ANTIHISTAMINICO,ABC Proveedores
VITAMINA A AP 25000UI,928,50.00,35.00,92800,10,ANTIHISTAMINICO,ABC Proveedores
VITAMINA B1 B6 I.M 3ml Lab.Bengochea,929,50.00,35.00,92900,10,ANTIHISTAMINICO,ABC Proveedores
VITAMINA C 500mg SABOR MANDARINA Lab. LA SANTE,930,50.00,35.00,93000,10,ANTIHISTAMINICO,ABC Proveedores
VITAMINA C 500mg SABOR NARANJA Lab. LA SANTE,931,50.00,35.00,93100,10,ANTIHISTAMINICO,ABC Proveedores
vitamina E 400 el mana PELO,932,50.00,35.00,93200,10,ANTIHISTAMINICO,ABC Proveedores
VITAMINA E 400 UI CP.,933,50.00,35.00,93300,10,ANTIHISTAMINICO,ABC Proveedores
VITASYM B12 CON GINSENG VIA ORAL,934,50.00,35.00,93400,10,ANTIHISTAMINICO,ABC Proveedores
VIUSID,935,50.00,35.00,93500,10,ANTIHISTAMINICO,ABC Proveedores
XINATOS JRB,936,50.00,35.00,93600,10,ANTIHISTAMINICO,ABC Proveedores
ZANATE 3O ml DELTRAMETINA 0.219mg/ml Lab. RAMOS,937,50.00,35.00,93700,10,ANTIHISTAMINICO,ABC Proveedores
ZANEXIN 75mg,938,50.00,35.00,93800,10,ANTIHISTAMINICO,ABC Proveedores
ZEPOL  10g,939,50.00,35.00,93900,10,ANTIHISTAMINICO,ABC Proveedores
ZEPOL 30G,940,50.00,35.00,94000,10,ANTIHISTAMINICO,ABC Proveedores
ZEPOL INFANTIL RESFRIOS,941,50.00,35.00,94100,10,ANTIHISTAMINICO,ABC Proveedores
ZEPOL INHALADOR NASAL 1ml,942,50.00,35.00,94200,10,ANTIHISTAMINICO,ABC Proveedores
ZEPOL MUSCULAR CREMA 30g,943,50.00,35.00,94300,10,ANTIHISTAMINICO,ABC Proveedores
ZEPOL MUSCULAR CREMA 60g,944,50.00,35.00,94400,10,ANTIHISTAMINICO,ABC Proveedores
ZEPOL RESFRIOS 60g,945,50.00,35.00,94500,10,ANTIHISTAMINICO,ABC Proveedores
ZEPOL RESFRIOS 90g,946,50.00,35.00,94600,10,ANTIHISTAMINICO,ABC Proveedores
